model,split_repeat,fold,training_seed,inference_protocol,n_outer_train,n_outer_test,category,n,n_pos,n_neg,auc,f1
mesh_only_pairwise,0,0,42000000000,cv,5200,1300,overall,1300,650,650,0.9552449704142012,0.8911353032659409
mesh_only_pairwise,0,1,42001000000,cv,5200,1300,overall,1300,650,650,0.965185798816568,0.8921095008051529
mesh_only_pairwise,0,2,42002000000,cv,5200,1300,overall,1300,650,650,0.966424852071006,0.9176289453425712
mesh_only_pairwise,0,3,42003000000,cv,5200,1300,overall,1300,650,650,0.9557218934911242,0.8833592534992224
mesh_only_pairwise,0,4,42004000000,cv,5200,1300,overall,1300,650,650,0.956284023668639,0.8894080996884736
mesh_only_pairwise,1,0,42000010000,cv,5200,1300,overall,1300,650,650,0.9715656804733728,0.9205607476635514
mesh_only_pairwise,1,1,42001010000,cv,5200,1300,overall,1300,650,650,0.9567668639053254,0.8897700237906423
mesh_only_pairwise,1,2,42002010000,cv,5200,1300,overall,1300,650,650,0.962571597633136,0.8987052551408987
mesh_only_pairwise,1,3,42003010000,cv,5200,1300,overall,1300,650,650,0.9599171597633136,0.8826728826728827
mesh_only_pairwise,1,4,42004010000,cv,5200,1300,overall,1300,650,650,0.9674023668639056,0.8969790859798605
mesh_only_pairwise,2,0,42000020000,cv,5200,1300,overall,1300,650,650,0.9634260355029584,0.8998435054773083
mesh_only_pairwise,2,1,42001020000,cv,5200,1300,overall,1300,650,650,0.9560023668639052,0.8860377358490567
mesh_only_pairwise,2,2,42002020000,cv,5200,1300,overall,1300,650,650,0.959192899408284,0.9047237790232184
mesh_only_pairwise,2,3,42003020000,cv,5200,1300,overall,1300,650,650,0.9704686390532544,0.9135987978963186
mesh_only_pairwise,2,4,42004020000,cv,5200,1300,overall,1300,650,650,0.9608887573964496,0.9090909090909092
mesh_only_pairwise,3,0,42000030000,cv,5200,1300,overall,1300,650,650,0.9524331360946744,0.8899297423887588
mesh_only_pairwise,3,1,42001030000,cv,5200,1300,overall,1300,650,650,0.9588970414201184,0.8909512761020881
mesh_only_pairwise,3,2,42002030000,cv,5200,1300,overall,1300,650,650,0.9657668639053254,0.9007751937984496
mesh_only_pairwise,3,3,42003030000,cv,5200,1300,overall,1300,650,650,0.9509242603550296,0.8818897637795275
mesh_only_pairwise,3,4,42004030000,cv,5200,1300,overall,1300,650,650,0.9630082840236688,0.9013209013209014
mesh_only_pairwise,4,0,42000040000,cv,5200,1300,overall,1300,650,650,0.9598627218934912,0.9061784897025172
mesh_only_pairwise,4,1,42001040000,cv,5200,1300,overall,1300,650,650,0.953701775147929,0.8650858544562551
mesh_only_pairwise,4,2,42002040000,cv,5200,1300,overall,1300,650,650,0.9515266272189348,0.8853754940711462
mesh_only_pairwise,4,3,42003040000,cv,5200,1300,overall,1300,650,650,0.9474485207100592,0.8795088257866462
mesh_only_pairwise,4,4,42004040000,cv,5200,1300,overall,1300,650,650,0.9661881656804734,0.9116064565718678
raw_concat_pairwise,0,0,42000000000,cv,5200,1300,overall,1300,650,650,0.9698710059171596,0.9167950693374424
raw_concat_pairwise,0,1,42001000000,cv,5200,1300,overall,1300,650,650,0.9820023668639054,0.9367283950617284
raw_concat_pairwise,0,2,42002000000,cv,5200,1300,overall,1300,650,650,0.9833656804733728,0.9363008442056792
raw_concat_pairwise,0,3,42003000000,cv,5200,1300,overall,1300,650,650,0.9741798816568048,0.9174603174603174
raw_concat_pairwise,0,4,42004000000,cv,5200,1300,overall,1300,650,650,0.9706437869822484,0.9058084772370488
raw_concat_pairwise,1,0,42000010000,cv,5200,1300,overall,1300,650,650,0.9791337278106508,0.9411764705882352
raw_concat_pairwise,1,1,42001010000,cv,5200,1300,overall,1300,650,650,0.9744923076923078,0.9106719367588932
raw_concat_pairwise,1,2,42002010000,cv,5200,1300,overall,1300,650,650,0.9741704142011834,0.919245283018868
raw_concat_pairwise,1,3,42003010000,cv,5200,1300,overall,1300,650,650,0.9703502958579882,0.9167974882260596
raw_concat_pairwise,1,4,42004010000,cv,5200,1300,overall,1300,650,650,0.9760189349112428,0.9228395061728396
raw_concat_pairwise,2,0,42000020000,cv,5200,1300,overall,1300,650,650,0.9797443786982248,0.9297971918876756
raw_concat_pairwise,2,1,42001020000,cv,5200,1300,overall,1300,650,650,0.9787171597633136,0.9263803680981596
raw_concat_pairwise,2,2,42002020000,cv,5200,1300,overall,1300,650,650,0.9787384615384614,0.9222309505106048
raw_concat_pairwise,2,3,42003020000,cv,5200,1300,overall,1300,650,650,0.9651171597633136,0.8947778643803586
raw_concat_pairwise,2,4,42004020000,cv,5200,1300,overall,1300,650,650,0.9785976331360946,0.933231005372218
raw_concat_pairwise,3,0,42000030000,cv,5200,1300,overall,1300,650,650,0.9707834319526628,0.9193798449612404
raw_concat_pairwise,3,1,42001030000,cv,5200,1300,overall,1300,650,650,0.9740686390532544,0.9191685912240184
raw_concat_pairwise,3,2,42002030000,cv,5200,1300,overall,1300,650,650,0.9708118343195268,0.9146810146041506
raw_concat_pairwise,3,3,42003030000,cv,5200,1300,overall,1300,650,650,0.96778224852071,0.9098039215686274
raw_concat_pairwise,3,4,42004030000,cv,5200,1300,overall,1300,650,650,0.9775278106508876,0.9291217257318952
raw_concat_pairwise,4,0,42000040000,cv,5200,1300,overall,1300,650,650,0.9687100591715976,0.9227237949502678
raw_concat_pairwise,4,1,42001040000,cv,5200,1300,overall,1300,650,650,0.9767739644970416,0.9228441754916792
raw_concat_pairwise,4,2,42002040000,cv,5200,1300,overall,1300,650,650,0.9802721893491124,0.9318885448916407
raw_concat_pairwise,4,3,42003040000,cv,5200,1300,overall,1300,650,650,0.9699384615384616,0.9153069153069152
raw_concat_pairwise,4,4,42004040000,cv,5200,1300,overall,1300,650,650,0.969431952662722,0.9089506172839508
raw_fixed4_pairwise,0,0,42000000000,cv,5200,1300,overall,1300,650,650,0.9787218934911244,0.9422632794457276
raw_fixed4_pairwise,0,1,42001000000,cv,5200,1300,overall,1300,650,650,0.9801467455621302,0.9303030303030304
raw_fixed4_pairwise,0,2,42002000000,cv,5200,1300,overall,1300,650,650,0.9797846153846154,0.9287321830457614
raw_fixed4_pairwise,0,3,42003000000,cv,5200,1300,overall,1300,650,650,0.9758757396449704,0.924812030075188
raw_fixed4_pairwise,0,4,42004000000,cv,5200,1300,overall,1300,650,650,0.9750532544378698,0.9278510473235064
raw_fixed4_pairwise,1,0,42000010000,cv,5200,1300,overall,1300,650,650,0.9767526627218934,0.9244094488188976
raw_fixed4_pairwise,1,1,42001010000,cv,5200,1300,overall,1300,650,650,0.983796449704142,0.920863309352518
raw_fixed4_pairwise,1,2,42002010000,cv,5200,1300,overall,1300,650,650,0.9807289940828404,0.9384384384384384
raw_fixed4_pairwise,1,3,42003010000,cv,5200,1300,overall,1300,650,650,0.9616710059171598,0.8946564885496183
raw_fixed4_pairwise,1,4,42004010000,cv,5200,1300,overall,1300,650,650,0.9751289940828404,0.9070464767616192
raw_fixed4_pairwise,2,0,42000020000,cv,5200,1300,overall,1300,650,650,0.9783242603550296,0.9235618597320724
raw_fixed4_pairwise,2,1,42001020000,cv,5200,1300,overall,1300,650,650,0.9801917159763316,0.9276729559748428
raw_fixed4_pairwise,2,2,42002020000,cv,5200,1300,overall,1300,650,650,0.9812,0.9231962761830876
raw_fixed4_pairwise,2,3,42003020000,cv,5200,1300,overall,1300,650,650,0.9743905325443788,0.9253048780487804
raw_fixed4_pairwise,2,4,42004020000,cv,5200,1300,overall,1300,650,650,0.9768378698224852,0.9222395023328148
raw_fixed4_pairwise,3,0,42000030000,cv,5200,1300,overall,1300,650,650,0.9708568047337278,0.9073634204275536
raw_fixed4_pairwise,3,1,42001030000,cv,5200,1300,overall,1300,650,650,0.9831242603550296,0.9357798165137616
raw_fixed4_pairwise,3,2,42002030000,cv,5200,1300,overall,1300,650,650,0.9790532544378696,0.9268668206312548
raw_fixed4_pairwise,3,3,42003030000,cv,5200,1300,overall,1300,650,650,0.9743834319526627,0.919558359621451
raw_fixed4_pairwise,3,4,42004030000,cv,5200,1300,overall,1300,650,650,0.9797384615384616,0.9374529012810852
raw_fixed4_pairwise,4,0,42000040000,cv,5200,1300,overall,1300,650,650,0.9701621301775148,0.9230769230769232
raw_fixed4_pairwise,4,1,42001040000,cv,5200,1300,overall,1300,650,650,0.9783195266272188,0.926979246733282
raw_fixed4_pairwise,4,2,42002040000,cv,5200,1300,overall,1300,650,650,0.9869372781065088,0.93815987933635
raw_fixed4_pairwise,4,3,42003040000,cv,5200,1300,overall,1300,650,650,0.9762201183431952,0.9262490087232356
raw_fixed4_pairwise,4,4,42004040000,cv,5200,1300,overall,1300,650,650,0.9765325443786984,0.926681783824641
raw_learned_pairwise,0,0,42000000000,cv,5200,1300,overall,1300,650,650,0.9789360946745562,0.9397217928902628
raw_learned_pairwise,0,1,42001000000,cv,5200,1300,overall,1300,650,650,0.9818520710059172,0.9319938176197836
raw_learned_pairwise,0,2,42002000000,cv,5200,1300,overall,1300,650,650,0.9730840236686392,0.9086614173228348
raw_learned_pairwise,0,3,42003000000,cv,5200,1300,overall,1300,650,650,0.976544378698225,0.9212962962962964
raw_learned_pairwise,0,4,42004000000,cv,5200,1300,overall,1300,650,650,0.9751301775147928,0.9249617151607964
raw_learned_pairwise,1,0,42000010000,cv,5200,1300,overall,1300,650,650,0.9784781065088758,0.932295719844358
raw_learned_pairwise,1,1,42001010000,cv,5200,1300,overall,1300,650,650,0.9813159763313608,0.9233152594887684
raw_learned_pairwise,1,2,42002010000,cv,5200,1300,overall,1300,650,650,0.975905325443787,0.9233128834355828
raw_learned_pairwise,1,3,42003010000,cv,5200,1300,overall,1300,650,650,0.9762378698224852,0.92991710625471
raw_learned_pairwise,1,4,42004010000,cv,5200,1300,overall,1300,650,650,0.9720899408284024,0.9239046887009992
raw_learned_pairwise,2,0,42000020000,cv,5200,1300,overall,1300,650,650,0.9778816568047336,0.9402637703646236
raw_learned_pairwise,2,1,42001020000,cv,5200,1300,overall,1300,650,650,0.9779928994082842,0.926979246733282
raw_learned_pairwise,2,2,42002020000,cv,5200,1300,overall,1300,650,650,0.979046153846154,0.9239130434782608
raw_learned_pairwise,2,3,42003020000,cv,5200,1300,overall,1300,650,650,0.9795763313609468,0.9319213313161876
raw_learned_pairwise,2,4,42004020000,cv,5200,1300,overall,1300,650,650,0.9779384615384616,0.9248826291079812
raw_learned_pairwise,3,0,42000030000,cv,5200,1300,overall,1300,650,650,0.9699763313609466,0.9259547934528448
raw_learned_pairwise,3,1,42001030000,cv,5200,1300,overall,1300,650,650,0.9727668639053256,0.909377462568952
raw_learned_pairwise,3,2,42002030000,cv,5200,1300,overall,1300,650,650,0.9707550295857988,0.9188361408882084
raw_learned_pairwise,3,3,42003030000,cv,5200,1300,overall,1300,650,650,0.9752875739644972,0.9262166405023547
raw_learned_pairwise,3,4,42004030000,cv,5200,1300,overall,1300,650,650,0.9823526627218936,0.9398324447829398
raw_learned_pairwise,4,0,42000040000,cv,5200,1300,overall,1300,650,650,0.9733207100591716,0.9246153846153846
raw_learned_pairwise,4,1,42001040000,cv,5200,1300,overall,1300,650,650,0.9817100591715976,0.9241071428571428
raw_learned_pairwise,4,2,42002040000,cv,5200,1300,overall,1300,650,650,0.9853526627218936,0.9366895499618612
raw_learned_pairwise,4,3,42003040000,cv,5200,1300,overall,1300,650,650,0.9701159763313608,0.9086792452830188
raw_learned_pairwise,4,4,42004040000,cv,5200,1300,overall,1300,650,650,0.9729313609467456,0.9215536938309216
adaptive_vector,0,0,42000000000,cv,5200,1300,overall,1300,650,650,0.9878579881656804,0.9538702111024238
adaptive_vector,0,1,42001000000,cv,5200,1300,overall,1300,650,650,0.991894674556213,0.9552012148823082
adaptive_vector,0,2,42002000000,cv,5200,1300,overall,1300,650,650,0.9836887573964496,0.9357366771159876
adaptive_vector,0,3,42003000000,cv,5200,1300,overall,1300,650,650,0.9897727810650888,0.9476876421531464
adaptive_vector,0,4,42004000000,cv,5200,1300,overall,1300,650,650,0.9843384615384616,0.9322834645669292
adaptive_vector,1,0,42000010000,cv,5200,1300,overall,1300,650,650,0.9883360946745562,0.9529042386185244
adaptive_vector,1,1,42001010000,cv,5200,1300,overall,1300,650,650,0.9921467455621302,0.9588828549262994
adaptive_vector,1,2,42002010000,cv,5200,1300,overall,1300,650,650,0.9833491124260356,0.954337899543379
adaptive_vector,1,3,42003010000,cv,5200,1300,overall,1300,650,650,0.9897656804733728,0.96024941543258
adaptive_vector,1,4,42004010000,cv,5200,1300,overall,1300,650,650,0.9898745562130178,0.9565879664889566
adaptive_vector,2,0,42000020000,cv,5200,1300,overall,1300,650,650,0.989585798816568,0.956656346749226
adaptive_vector,2,1,42001020000,cv,5200,1300,overall,1300,650,650,0.9917538461538462,0.9594383775351014
adaptive_vector,2,2,42002020000,cv,5200,1300,overall,1300,650,650,0.9930295857988166,0.9673405909797824
adaptive_vector,2,3,42003020000,cv,5200,1300,overall,1300,650,650,0.9869467455621302,0.9493087557603688
adaptive_vector,2,4,42004020000,cv,5200,1300,overall,1300,650,650,0.9865988165680474,0.9537037037037036
adaptive_vector,3,0,42000030000,cv,5200,1300,overall,1300,650,650,0.9799408284023668,0.941543257989088
adaptive_vector,3,1,42001030000,cv,5200,1300,overall,1300,650,650,0.9913136094674556,0.9560524286815728
adaptive_vector,3,2,42002030000,cv,5200,1300,overall,1300,650,650,0.9914686390532544,0.9562547966231773
adaptive_vector,3,3,42003030000,cv,5200,1300,overall,1300,650,650,0.9895573964497042,0.9635376260667184
adaptive_vector,3,4,42004030000,cv,5200,1300,overall,1300,650,650,0.9910721893491125,0.953560371517028
adaptive_vector,4,0,42000040000,cv,5200,1300,overall,1300,650,650,0.9892118343195266,0.9544401544401544
adaptive_vector,4,1,42001040000,cv,5200,1300,overall,1300,650,650,0.9855171597633136,0.9494949494949496
adaptive_vector,4,2,42002040000,cv,5200,1300,overall,1300,650,650,0.9894130177514792,0.9552469135802468
adaptive_vector,4,3,42003040000,cv,5200,1300,overall,1300,650,650,0.9896686390532544,0.951394422310757
adaptive_vector,4,4,42004040000,cv,5200,1300,overall,1300,650,650,0.9854627218934912,0.9450889404485692
