feature_set,pair_bin,fold,n_samples,accuracy,precision,recall,f1,auc,confusion_matrix
low_level,low-low,0,49,0.8979591836734694,0.6923076923076923,0.9,0.782608695652174,0.9641025641025641,"[[35  4]
 [ 1  9]]"
low_level,low-mid,0,421,0.8788598574821853,0.9090909090909091,0.7909604519774012,0.8459214501510574,0.9430281559692506,"[[230  14]
 [ 37 140]]"
low_level,low-deep,0,111,0.8918918918918919,0.8771929824561403,0.9090909090909091,0.8928571428571429,0.9603896103896103,"[[49  7]
 [ 5 50]]"
low_level,mid-mid,0,777,0.8661518661518661,0.9123287671232877,0.8222222222222222,0.8649350649350649,0.9432629762378868,"[[340  32]
 [ 72 333]]"
low_level,mid-deep,0,479,0.8935281837160751,0.9140625,0.8897338403041825,0.9017341040462428,0.9598119983100971,"[[194  22]
 [ 29 234]]"
low_level,deep-deep,0,80,0.9,0.9387755102040817,0.9019607843137255,0.92,0.945233265720081,"[[26  3]
 [ 5 46]]"
low_level,low-low,1,63,0.9047619047619048,0.9310344827586207,0.8709677419354839,0.9,0.969758064516129,"[[30  2]
 [ 4 27]]"
low_level,low-mid,1,386,0.9015544041450777,0.8979591836734694,0.8516129032258064,0.8741721854304636,0.9540008378718056,"[[216  15]
 [ 23 132]]"
low_level,low-deep,1,116,0.9137931034482759,0.9298245614035088,0.8983050847457628,0.9137931034482759,0.9693725840023788,"[[53  4]
 [ 6 53]]"
low_level,mid-mid,1,763,0.8768020969855832,0.9045092838196287,0.8546365914786967,0.8788659793814433,0.9457228235423724,"[[328  36]
 [ 58 341]]"
low_level,mid-deep,1,517,0.8781431334622823,0.8906752411575563,0.9052287581699346,0.8978930307941653,0.9463959359415172,"[[177  34]
 [ 29 277]]"
low_level,deep-deep,1,72,0.9027777777777778,0.9038461538461539,0.9591836734693877,0.9306930693069307,0.963620230700976,"[[18  5]
 [ 2 47]]"
low_level,low-low,2,54,0.8148148148148148,0.8333333333333334,0.6818181818181818,0.75,0.9289772727272727,"[[29  3]
 [ 7 15]]"
low_level,low-mid,2,385,0.8883116883116883,0.9202898550724637,0.7987421383647799,0.8552188552188552,0.9565314187120832,"[[215  11]
 [ 32 127]]"
low_level,low-deep,2,119,0.907563025210084,0.9090909090909091,0.8928571428571429,0.9009009009009009,0.9566326530612245,"[[58  5]
 [ 6 50]]"
low_level,mid-mid,2,781,0.8809218950064021,0.8656716417910447,0.8992248062015504,0.8821292775665399,0.9472841983761593,"[[340  54]
 [ 39 348]]"
low_level,mid-deep,2,500,0.886,0.8918918918918919,0.9134948096885813,0.9025641025641026,0.9584693091064136,"[[179  32]
 [ 25 264]]"
low_level,deep-deep,2,77,0.8571428571428571,0.8867924528301887,0.9038461538461539,0.8952380952380953,0.926923076923077,"[[19  6]
 [ 5 47]]"
low_level,low-low,3,54,0.8888888888888888,0.8260869565217391,0.9047619047619048,0.8636363636363636,0.9855699855699855,"[[29  4]
 [ 2 19]]"
low_level,low-mid,3,384,0.9088541666666666,0.8296296296296296,0.9032258064516129,0.8648648648648649,0.9678970223325062,"[[237  23]
 [ 12 112]]"
low_level,low-deep,3,135,0.9259259259259259,0.9354838709677419,0.90625,0.9206349206349206,0.977112676056338,"[[67  4]
 [ 6 58]]"
low_level,mid-mid,3,789,0.8732572877059569,0.9013333333333333,0.8428927680798005,0.8711340206185567,0.9453653238038924,"[[351  37]
 [ 63 338]]"
low_level,mid-deep,3,475,0.8778947368421053,0.9067164179104478,0.8804347826086957,0.8933823529411765,0.9436676134294663,"[[174  25]
 [ 33 243]]"
low_level,deep-deep,3,79,0.9240506329113924,0.9245283018867925,0.9607843137254902,0.9423076923076923,0.976890756302521,"[[24  4]
 [ 2 49]]"
low_level,low-low,4,67,0.8955223880597015,0.88,0.8461538461538461,0.8627450980392157,0.9643527204502814,"[[38  3]
 [ 4 22]]"
low_level,low-mid,4,425,0.8988235294117647,0.8711656441717791,0.8658536585365854,0.8685015290519877,0.9623166059246799,"[[240  21]
 [ 22 142]]"
low_level,low-deep,4,121,0.9008264462809917,0.8947368421052632,0.8947368421052632,0.8947368421052632,0.9621710526315788,"[[58  6]
 [ 6 51]]"
low_level,mid-mid,4,748,0.8890374331550802,0.8919667590027701,0.8797814207650273,0.8858321870701513,0.951434783852602,"[[343  39]
 [ 44 322]]"
low_level,mid-deep,4,470,0.8680851063829788,0.8941176470588236,0.8669201520912547,0.8803088803088803,0.9501846035157326,"[[180  27]
 [ 35 228]]"
low_level,deep-deep,4,85,0.8823529411764706,0.864406779661017,0.9622641509433962,0.9107142857142857,0.9327830188679245,"[[24  8]
 [ 2 51]]"
mid_level,low-low,0,63,0.8888888888888888,0.9090909090909091,0.8,0.851063829787234,0.9631578947368422,"[[36  2]
 [ 5 20]]"
mid_level,low-mid,0,465,0.9139784946236559,0.9195402298850575,0.8602150537634409,0.8888888888888888,0.95814545034108,"[[265  14]
 [ 26 160]]"
mid_level,low-deep,0,150,0.94,0.9714285714285714,0.9066666666666666,0.9379310344827586,0.9916444444444444,"[[73  2]
 [ 7 68]]"
mid_level,mid-mid,0,838,0.9176610978520287,0.9367396593673966,0.8995327102803738,0.9177592371871275,0.9765728288124003,"[[384  26]
 [ 43 385]]"
mid_level,mid-deep,0,538,0.879182156133829,0.8867313915857605,0.9013157894736842,0.8939641109298532,0.9603435672514621,"[[199  35]
 [ 30 274]]"
mid_level,deep-deep,0,103,0.9223300970873787,0.984375,0.9,0.9402985074626866,0.9722943722943723,"[[32  1]
 [ 7 63]]"
mid_level,low-low,1,52,0.9230769230769231,0.8947368421052632,0.8947368421052632,0.8947368421052632,0.9872408293460925,"[[31  2]
 [ 2 17]]"
mid_level,low-mid,1,406,0.8916256157635468,0.8627450980392157,0.8516129032258064,0.8571428571428571,0.9589127361521655,"[[230  21]
 [ 23 132]]"
mid_level,low-deep,1,139,0.9424460431654677,0.972972972972973,0.9230769230769231,0.9473684210526315,0.983816729718369,"[[59  2]
 [ 6 72]]"
mid_level,mid-mid,1,880,0.8886363636363637,0.8837719298245614,0.8995535714285714,0.8915929203539823,0.9618933945105822,"[[379  53]
 [ 45 403]]"
mid_level,mid-deep,1,583,0.9056603773584906,0.908284023668639,0.9274924471299094,0.9177877428998505,0.9608929170862707,"[[221  31]
 [ 24 307]]"
mid_level,deep-deep,1,97,0.8865979381443299,0.9285714285714286,0.9154929577464789,0.9219858156028369,0.9458288190682557,"[[21  5]
 [ 6 65]]"
mid_level,low-low,2,68,0.8529411764705882,0.7916666666666666,0.7916666666666666,0.7916666666666666,0.9318181818181819,"[[39  5]
 [ 5 19]]"
mid_level,low-mid,2,459,0.9128540305010894,0.8853503184713376,0.8633540372670807,0.8742138364779874,0.9747175788903246,"[[280  18]
 [ 22 139]]"
mid_level,low-deep,2,127,0.9291338582677166,0.9661016949152542,0.890625,0.926829268292683,0.9754464285714285,"[[61  2]
 [ 7 57]]"
mid_level,mid-mid,2,859,0.9022118742724098,0.9296116504854369,0.8744292237442922,0.9011764705882352,0.965802232128331,"[[392  29]
 [ 55 383]]"
mid_level,mid-deep,2,546,0.9194139194139194,0.9377049180327869,0.9196141479099679,0.9285714285714286,0.9740576041595403,"[[216  19]
 [ 25 286]]"
mid_level,deep-deep,2,97,0.9278350515463918,0.9655172413793104,0.9180327868852459,0.9411764705882353,0.9836065573770492,"[[34  2]
 [ 5 56]]"
mid_level,low-low,3,70,0.9,0.9393939393939394,0.8611111111111112,0.8985507246376812,0.9705882352941175,"[[32  2]
 [ 5 31]]"
mid_level,low-mid,3,420,0.9071428571428571,0.9,0.8622754491017964,0.8807339449541285,0.9557880286857117,"[[237  16]
 [ 23 144]]"
mid_level,low-deep,3,136,0.9117647058823529,0.8870967741935484,0.9166666666666666,0.9016393442622951,0.9787280701754386,"[[69  7]
 [ 5 55]]"
mid_level,mid-mid,3,886,0.899548532731377,0.908883826879271,0.890625,0.8996617812852311,0.9678632583170255,"[[398  40]
 [ 49 399]]"
mid_level,mid-deep,3,552,0.9148550724637681,0.9511400651465798,0.9012345679012346,0.9255150554675119,0.9682017543859649,"[[213  15]
 [ 32 292]]"
mid_level,deep-deep,3,92,0.9021739130434783,0.9344262295081968,0.9193548387096774,0.926829268292683,0.9360215053763441,"[[26  4]
 [ 5 57]]"
mid_level,low-low,4,65,0.9076923076923077,0.875,0.7777777777777778,0.8235294117647058,0.9728132387706856,"[[45  2]
 [ 4 14]]"
mid_level,low-mid,4,438,0.9200913242009132,0.9225806451612903,0.8614457831325302,0.8909657320872274,0.9736888731396172,"[[260  12]
 [ 23 143]]"
mid_level,low-deep,4,146,0.952054794520548,0.9692307692307692,0.9264705882352942,0.9473684210526315,0.9926470588235294,"[[76  2]
 [ 5 63]]"
mid_level,mid-mid,4,856,0.8960280373831776,0.8905109489051095,0.8926829268292683,0.8915956151035322,0.954038608771738,"[[401  45]
 [ 44 366]]"
mid_level,mid-deep,4,561,0.9055258467023173,0.9326923076923077,0.9009287925696594,0.9165354330708662,0.9669459114915316,"[[217  21]
 [ 32 291]]"
mid_level,deep-deep,4,90,0.9222222222222223,0.9649122807017544,0.9166666666666666,0.9401709401709402,0.965,"[[28  2]
 [ 5 55]]"
deep_level,low-low,0,65,0.8923076923076924,0.75,0.8,0.7741935483870968,0.9306666666666668,"[[46  4]
 [ 3 12]]"
deep_level,low-mid,0,459,0.906318082788671,0.8648648648648649,0.847682119205298,0.8561872909698997,0.9626945901780338,"[[288  20]
 [ 23 128]]"
deep_level,low-deep,0,138,0.9565217391304348,0.9701492537313433,0.9420289855072463,0.9558823529411765,0.9762654904431842,"[[67  2]
 [ 4 65]]"
deep_level,mid-mid,0,831,0.8832731648616126,0.882640586797066,0.8804878048780488,0.8815628815628815,0.9549070158160013,"[[373  48]
 [ 49 361]]"
deep_level,mid-deep,0,555,0.9081081081081082,0.9252336448598131,0.9166666666666666,0.9209302325581395,0.9611859334081556,"[[207  24]
 [ 27 297]]"
deep_level,deep-deep,0,108,0.9074074074074074,0.96,0.9113924050632911,0.935064935064935,0.9646442601484068,"[[26  3]
 [ 7 72]]"
deep_level,low-low,1,57,0.8596491228070176,0.9130434782608695,0.7777777777777778,0.84,0.9740740740740741,"[[28  2]
 [ 6 21]]"
deep_level,low-mid,1,429,0.8997668997668997,0.8924050632911392,0.844311377245509,0.8676923076923077,0.9609292864652375,"[[245  17]
 [ 26 141]]"
deep_level,low-deep,1,136,0.9338235294117647,0.984375,0.8873239436619719,0.9333333333333333,0.9802816901408451,"[[64  1]
 [ 8 63]]"
deep_level,mid-mid,1,830,0.9144578313253012,0.941031941031941,0.8906976744186047,0.9151732377538829,0.9750581395348837,"[[376  24]
 [ 47 383]]"
deep_level,mid-deep,1,592,0.875,0.8962536023054755,0.8911174785100286,0.8936781609195402,0.954543846616435,"[[207  36]
 [ 38 311]]"
deep_level,deep-deep,1,111,0.9459459459459459,0.9736842105263158,0.9487179487179487,0.961038961038961,0.9797979797979798,"[[31  2]
 [ 4 74]]"
deep_level,low-low,2,58,0.8620689655172413,0.8695652173913043,0.8,0.8333333333333334,0.9478787878787878,"[[30  3]
 [ 5 20]]"
deep_level,low-mid,2,453,0.9139072847682119,0.888235294117647,0.8830409356725146,0.8856304985337243,0.9702314296379245,"[[263  19]
 [ 20 151]]"
deep_level,low-deep,2,129,0.9147286821705426,0.8518518518518519,0.9387755102040817,0.8932038834951457,0.9711734693877551,"[[72  8]
 [ 3 46]]"
deep_level,mid-mid,2,873,0.8911798396334479,0.9127358490566038,0.8696629213483146,0.8906789413118527,0.9558752493961986,"[[391  37]
 [ 58 387]]"
deep_level,mid-deep,2,549,0.8979963570127505,0.9081632653061225,0.902027027027027,0.9050847457627119,0.9524089306698001,"[[226  27]
 [ 29 267]]"
deep_level,deep-deep,2,93,0.9354838709677419,0.9538461538461539,0.9538461538461539,0.9538461538461539,0.987912087912088,"[[25  3]
 [ 3 62]]"
deep_level,low-low,3,55,0.9272727272727272,0.9523809523809523,0.8695652173913043,0.9090909090909091,0.9660326086956521,"[[31  1]
 [ 3 20]]"
deep_level,low-mid,3,413,0.8983050847457628,0.8666666666666667,0.8552631578947368,0.8609271523178808,0.948049001814882,"[[241  20]
 [ 22 130]]"
deep_level,low-deep,3,131,0.916030534351145,0.9193548387096774,0.9047619047619048,0.912,0.9673202614379085,"[[63  5]
 [ 6 57]]"
deep_level,mid-mid,3,938,0.8891257995735607,0.9143468950749465,0.869653767820774,0.8914405010438413,0.9546512846448603,"[[407  40]
 [ 64 427]]"
deep_level,mid-deep,3,521,0.9001919385796545,0.933993399339934,0.8984126984126984,0.9158576051779935,0.956549545384497,"[[186  20]
 [ 32 283]]"
deep_level,deep-deep,3,97,0.9278350515463918,0.9344262295081968,0.95,0.9421487603305785,0.9671171171171171,"[[33  4]
 [ 3 57]]"
deep_level,low-low,4,74,0.9054054054054054,0.8333333333333334,0.8695652173913043,0.851063829787234,0.9650468883205456,"[[47  4]
 [ 3 20]]"
deep_level,low-mid,4,413,0.9152542372881356,0.8971428571428571,0.9022988505747126,0.8997134670487106,0.9735487904583273,"[[221  18]
 [ 17 157]]"
deep_level,low-deep,4,127,0.9212598425196851,0.896551724137931,0.9285714285714286,0.9122807017543859,0.9730885311871227,"[[65  6]
 [ 4 52]]"
deep_level,mid-mid,4,864,0.8680555555555556,0.8574821852731591,0.8698795180722891,0.8636363636363636,0.9485711219040975,"[[389  60]
 [ 54 361]]"
deep_level,mid-deep,4,570,0.8842105263157894,0.8980891719745223,0.8924050632911392,0.8952380952380953,0.9494979069072064,"[[222  32]
 [ 34 282]]"
deep_level,deep-deep,4,107,0.822429906542056,0.8947368421052632,0.8607594936708861,0.8774193548387097,0.8942133815551537,"[[20  8]
 [11 68]]"
