feature_set,pair_bin,n_samples_mean,accuracy,accuracy_std,precision,precision_std,recall,recall_std,f1,f1_std,auc,auc_std
low_level,low-low,57.4,0.8803894360397558,0.03317827948490282,0.8325524929842771,0.07957510316944001,0.8407403349338832,0.08223104315973635,0.8317980314655508,0.056095307372913586,0.9625521214732465,0.018518445831392748
low_level,low-mid,400.2,0.8952807292034765,0.010529588730756507,0.8856270443276502,0.03240057902733927,0.8420789917112372,0.04215744576420609,0.8617357769434457,0.010027901570429128,0.9567548081620652,0.008380188143481028
low_level,low-deep,120.4,0.9080000785514339,0.011541410958651249,0.9092658332047125,0.02167873033758791,0.9002479957598155,0.006371712415386964,0.9045845819893007,0.010867295467434849,0.965135715228226,0.007280322099392351
low_level,mid-mid,771.6,0.8772341158009777,0.0076385348761271385,0.8951619570140128,0.01612479925887222,0.8597515617494595,0.027122556848408034,0.8765793059143512,0.0075747785512825195,0.9466140211625825,0.0027302699789683374
low_level,mid-deep,488.2,0.8807302320806883,0.008557924239035612,0.899492739603744,0.0092614494647091,0.8911624685725299,0.016741613398999575,0.8951764941309136,0.00811447424022487,0.9517058920606454,0.006427700130510279
low_level,deep-deep,78.6,0.8932648418016995,0.0223941536658087,0.9036698396856467,0.026434631467812067,0.9376078152596307,0.028358995837767707,0.9197906285134009,0.01619340669799936,0.949090069702916,0.01874126018621718
mid_level,low-low,63.6,0.8945198592257416,0.023577726454850113,0.8819776714513556,0.049798227678567425,0.8250584795321638,0.045018377971515276,0.8519094949923101,0.04109727144685735,0.9651236759931839,0.018391734527702996
mid_level,low-mid,437.6,0.9091384644464124,0.009673456233673763,0.8980432583113801,0.022249057592086747,0.8597806452981309,0.004211094429357753,0.878389051910218,0.01218811880676419,0.9642505334417798,0.008197797301612365
mid_level,low-deep,139.6,0.935079880367217,0.013751859380837117,0.9533661565482232,0.03321502368615465,0.91270116892911,0.012936389037238956,0.9322272978285999,0.01706341972194123,0.984456546346642,0.006828724633246223
mid_level,mid-mid,863.8,0.9008171811750714,0.009576851057633244,0.9099036030923552,0.020825755093973133,0.8913646864565011,0.009196404093819426,0.9003572049036217,0.009566228905470094,0.9652340645080153,0.0073797202610288975
mid_level,mid-deep,556.0,0.9049274744144649,0.013943678863501008,0.9233105412252147,0.022950069479785593,0.9101171489968911,0.011250635926717751,0.916474754187902,0.012136830389709384,0.966088350874954,0.005073577705301888
mid_level,deep-deep,95.8,0.9122318444087603,0.015514519410662394,0.955560436032138,0.020937694606689403,0.9139094500016138,0.0070744145355119475,0.9340922004234764,0.008061897348782873,0.9605502508232042,0.01736489467220166
deep_level,low-low,61.8,0.8893407826620168,0.025811058691987236,0.8636645962732918,0.06954611292436984,0.8233816425120773,0.03857190705443479,0.8415363241197147,0.04303276451238262,0.9567398051271454,0.015583111917228614
deep_level,low-mid,433.4,0.9067103178715362,0.006982946924383909,0.881862949216635,0.013454221715874182,0.8665192881185542,0.02248498446999075,0.8740301433125046,0.016275289690024418,0.9630906197108811,0.00884808421654939
deep_level,low-deep,132.2,0.9284728655167145,0.01556348801881388,0.9244565336861607,0.0484854468523234,0.9202923545413266,0.021027421249688344,0.9213400543048083,0.021438104990041576,0.9736258885193632,0.00441205709234878
deep_level,mid-mid,867.2,0.8892184381898955,0.014993975588364884,0.9016474914467434,0.02879999336768502,0.8760763373076064,0.008414587533014427,0.8884983850617644,0.01668040740688378,0.9578125622592083,0.009000035697997606
deep_level,mid-deep,557.4,0.8931013860032605,0.011883988779663263,0.9123466167571734,0.014929293116148833,0.900125786781512,0.00917506711402715,0.9061577679312961,0.010848444803127636,0.9548372325972189,0.003942819840589182
deep_level,deep-deep,103.2,0.9078204364819087,0.04452216996519614,0.9433386871971858,0.027387691520858178,0.924943200259656,0.035585488181091945,0.9339036330238677,0.02964400307673307,0.958736965306149,0.033356168986550645
