scenario,group_kind,category,analysis_arm,split_id,split_repeat,training_seed,model,n_heldout_drugs,n_development_drugs,n,n_pos,n_neg,auc,f1,prec,rec,acc,ap
seen_unseen,overall,overall,biological_only,split_00,0,101,baseline,374,2119,2128,1064,1064,0.915415742127876,0.8237774030354131,0.7469418960244648,0.918233082706767,0.8035714285714286,0.9238941872261704
seen_unseen,depth,low_level-low_level,biological_only,split_00,0,101,baseline,374,2119,100,50,50,0.8939999999999999,0.7927927927927928,0.7213114754098361,0.88,0.77,0.9061227796556774
seen_unseen,depth,low_level-mid_level,biological_only,split_00,0,101,baseline,374,2119,622,311,311,0.902513414873709,0.8144927536231884,0.741424802110818,0.9035369774919614,0.7942122186495176,0.9149850102729922
seen_unseen,depth,low_level-deep_level,biological_only,split_00,0,101,baseline,374,2119,244,122,122,0.94470572426767,0.8308823529411765,0.7533333333333333,0.9262295081967212,0.8114754098360656,0.9555455794550688
seen_unseen,depth,mid_level-mid_level,biological_only,split_00,0,101,baseline,374,2119,638,319,319,0.8839683179214042,0.800561797752809,0.7251908396946565,0.8934169278996865,0.7774294670846394,0.8924602067206737
seen_unseen,depth,mid_level-deep_level,biological_only,split_00,0,101,baseline,374,2119,468,234,234,0.9517861056322594,0.8680688336520076,0.7854671280276817,0.97008547008547,0.8525641025641025,0.9526161288742182
seen_unseen,depth,deep_level-deep_level,biological_only,split_00,0,101,baseline,374,2119,56,28,28,0.957908163265306,0.84375,0.75,0.9642857142857144,0.8214285714285714,0.967667350275102
seen_unseen,overall,overall,biological_only,split_00,0,101,fusion,374,2119,2128,1064,1064,0.9548245025156876,0.8756174225415357,0.8383490971625107,0.9163533834586466,0.8698308270676691,0.9626911053472684
seen_unseen,depth,low_level-low_level,biological_only,split_00,0,101,fusion,374,2119,100,50,50,0.9792,0.9306930693069309,0.9215686274509804,0.94,0.93,0.982833708183812
seen_unseen,depth,low_level-mid_level,biological_only,split_00,0,101,fusion,374,2119,622,311,311,0.9541361234892112,0.8856682769726248,0.8870967741935484,0.8842443729903537,0.8858520900321544,0.965113086939661
seen_unseen,depth,low_level-deep_level,biological_only,split_00,0,101,fusion,374,2119,244,122,122,0.9765520021499596,0.8863636363636364,0.823943661971831,0.9590163934426228,0.8770491803278688,0.9802486144719952
seen_unseen,depth,mid_level-mid_level,biological_only,split_00,0,101,fusion,374,2119,638,319,319,0.9426597615982546,0.8601503759398497,0.8265895953757225,0.896551724137931,0.85423197492163,0.95309829327659
seen_unseen,depth,mid_level-deep_level,biological_only,split_00,0,101,fusion,374,2119,468,234,234,0.9613923588282562,0.8693957115009746,0.7992831541218638,0.9529914529914528,0.8568376068376068,0.9625807422811112
seen_unseen,depth,deep_level-deep_level,biological_only,split_00,0,101,fusion,374,2119,56,28,28,0.9630102040816326,0.8571428571428571,0.7714285714285715,0.9642857142857144,0.8392857142857143,0.9725590104199529
seen_unseen,overall,overall,biological_only,split_00,0,101,topo_only,374,2119,2128,1064,1064,0.8273785968681102,0.726643598615917,0.7664233576642335,0.6907894736842105,0.7401315789473685,0.8570325349588243
seen_unseen,depth,low_level-low_level,biological_only,split_00,0,101,topo_only,374,2119,100,50,50,0.8416,0.8172043010752689,0.8837209302325582,0.76,0.83,0.8958393499184523
seen_unseen,depth,low_level-mid_level,biological_only,split_00,0,101,topo_only,374,2119,622,311,311,0.8272660539076313,0.7294520547945206,0.7802197802197802,0.684887459807074,0.7459807073954984,0.8683228946010033
seen_unseen,depth,low_level-deep_level,biological_only,split_00,0,101,topo_only,374,2119,244,122,122,0.8131214727223864,0.723404255319149,0.7522123893805309,0.6967213114754098,0.7336065573770492,0.8597067658760611
seen_unseen,depth,mid_level-mid_level,biological_only,split_00,0,101,topo_only,374,2119,638,319,319,0.82689832057468,0.7173553719008264,0.7587412587412588,0.6802507836990596,0.731974921630094,0.8480895992211661
seen_unseen,depth,mid_level-deep_level,biological_only,split_00,0,101,topo_only,374,2119,468,234,234,0.8237453429761121,0.7146067415730337,0.7535545023696683,0.6794871794871795,0.7286324786324786,0.835449165485262
seen_unseen,depth,deep_level-deep_level,biological_only,split_00,0,101,topo_only,374,2119,56,28,28,0.8086734693877551,0.7540983606557377,0.696969696969697,0.8214285714285714,0.7321428571428571,0.8246653242967233
seen_unseen,overall,overall,biological_only,split_00,0,202,baseline,374,2119,2128,1064,1064,0.9095602316411328,0.8167843788948899,0.7319434102755026,0.9238721804511278,0.7927631578947368,0.9167799813549196
seen_unseen,depth,low_level-low_level,biological_only,split_00,0,202,baseline,374,2119,100,50,50,0.8852,0.8037383177570093,0.7543859649122807,0.86,0.79,0.9011593638257788
seen_unseen,depth,low_level-mid_level,biological_only,split_00,0,202,baseline,374,2119,622,311,311,0.9002284922612462,0.812051649928264,0.7331606217616581,0.909967845659164,0.7893890675241158,0.9111773235799174
seen_unseen,depth,low_level-deep_level,biological_only,split_00,0,202,baseline,374,2119,244,122,122,0.9397339424885784,0.8296296296296296,0.7567567567567568,0.918032786885246,0.8114754098360656,0.9462635573753012
seen_unseen,depth,mid_level-mid_level,biological_only,split_00,0,202,baseline,374,2119,638,319,319,0.8782686883973232,0.7908232118758435,0.6943127962085308,0.9184952978056428,0.7570532915360502,0.8828422546090968
seen_unseen,depth,mid_level-deep_level,biological_only,split_00,0,202,baseline,374,2119,468,234,234,0.9444809701219956,0.8538899430740038,0.7679180887372014,0.9615384615384616,0.8354700854700855,0.9478557349624612
seen_unseen,depth,deep_level-deep_level,biological_only,split_00,0,202,baseline,374,2119,56,28,28,0.9604591836734694,0.8307692307692308,0.7297297297297297,0.9642857142857144,0.8035714285714286,0.969099802569216
seen_unseen,overall,overall,biological_only,split_00,0,202,fusion,374,2119,2128,1064,1064,0.9387353192662108,0.8192478770723817,0.7189496096522356,0.9520676691729324,0.7899436090225563,0.9498864795409482
seen_unseen,depth,low_level-low_level,biological_only,split_00,0,202,fusion,374,2119,100,50,50,0.972,0.9230769230769232,0.8888888888888888,0.96,0.92,0.978152880180958
seen_unseen,depth,low_level-mid_level,biological_only,split_00,0,202,fusion,374,2119,622,311,311,0.9428355786230498,0.8558692421991084,0.7955801104972375,0.9260450160771704,0.8440514469453376,0.955075977273914
seen_unseen,depth,low_level-deep_level,biological_only,split_00,0,202,fusion,374,2119,244,122,122,0.9682209083579684,0.8458781362007168,0.7515923566878981,0.9672131147540984,0.8237704918032787,0.9760362953537336
seen_unseen,depth,mid_level-mid_level,biological_only,split_00,0,202,fusion,374,2119,638,319,319,0.9164119849451164,0.7942332896461337,0.6824324324324325,0.9498432601880876,0.7539184952978056,0.9294856109068084
seen_unseen,depth,mid_level-deep_level,biological_only,split_00,0,202,fusion,374,2119,468,234,234,0.9398422090729784,0.7896551724137931,0.661849710982659,0.9786324786324786,0.7393162393162394,0.9481230991113068
seen_unseen,depth,deep_level-deep_level,biological_only,split_00,0,202,fusion,374,2119,56,28,28,0.9604591836734692,0.7297297297297297,0.5869565217391305,0.9642857142857144,0.6428571428571429,0.9710788816491582
seen_unseen,overall,overall,biological_only,split_00,0,202,topo_only,374,2119,2128,1064,1064,0.8187198788795298,0.7305273343009192,0.752741774675972,0.7095864661654135,0.7382518796992481,0.8497075621592967
seen_unseen,depth,low_level-low_level,biological_only,split_00,0,202,topo_only,374,2119,100,50,50,0.8160000000000001,0.7708333333333334,0.8043478260869565,0.74,0.78,0.8827063188509882
seen_unseen,depth,low_level-mid_level,biological_only,split_00,0,202,topo_only,374,2119,622,311,311,0.827410800136475,0.7452991452991453,0.7956204379562044,0.7009646302250804,0.7604501607717041,0.8694551453497897
seen_unseen,depth,low_level-deep_level,biological_only,split_00,0,202,topo_only,374,2119,244,122,122,0.8034466541252352,0.7053941908713693,0.7142857142857143,0.6967213114754098,0.7090163934426229,0.8471022766177081
seen_unseen,depth,mid_level-mid_level,biological_only,split_00,0,202,topo_only,374,2119,638,319,319,0.8098682206346244,0.724025974025974,0.7508417508417509,0.6990595611285266,0.7335423197492164,0.8328982944233787
seen_unseen,depth,mid_level-deep_level,biological_only,split_00,0,202,topo_only,374,2119,468,234,234,0.8168054642413617,0.7257019438444925,0.7336244541484717,0.717948717948718,0.7286324786324786,0.8285429771417177
seen_unseen,depth,deep_level-deep_level,biological_only,split_00,0,202,topo_only,374,2119,56,28,28,0.798469387755102,0.7272727272727273,0.631578947368421,0.8571428571428571,0.6785714285714286,0.81073669182238
seen_unseen,overall,overall,biological_only,split_00,0,303,baseline,374,2119,2128,1064,1064,0.8978315443213296,0.7970660146699267,0.7035971223021583,0.9191729323308272,0.7659774436090225,0.9045458938655456
seen_unseen,depth,low_level-low_level,biological_only,split_00,0,303,baseline,374,2119,100,50,50,0.8972,0.8108108108108109,0.7377049180327869,0.9,0.79,0.904765196804146
seen_unseen,depth,low_level-mid_level,biological_only,split_00,0,303,baseline,374,2119,622,311,311,0.8795504595692766,0.7779310344827586,0.6811594202898551,0.9067524115755627,0.7411575562700965,0.8926865058080484
seen_unseen,depth,low_level-deep_level,biological_only,split_00,0,303,baseline,374,2119,244,122,122,0.9301934963719432,0.7929824561403509,0.6932515337423313,0.9262295081967212,0.7581967213114754,0.9375204892932218
seen_unseen,depth,mid_level-mid_level,biological_only,split_00,0,303,baseline,374,2119,638,319,319,0.8656410609172472,0.780952380952381,0.6899038461538461,0.8996865203761756,0.7476489028213166,0.8679785245083573
seen_unseen,depth,mid_level-deep_level,biological_only,split_00,0,303,baseline,374,2119,468,234,234,0.9364635838994814,0.8452830188679246,0.7567567567567568,0.9572649572649572,0.8247863247863247,0.9395808976653748
seen_unseen,depth,deep_level-deep_level,biological_only,split_00,0,303,baseline,374,2119,56,28,28,0.965561224489796,0.7941176470588235,0.675,0.9642857142857144,0.75,0.9682387675015712
seen_unseen,overall,overall,biological_only,split_00,0,303,fusion,374,2119,2128,1064,1064,0.9467995647012268,0.8350558081852005,0.7453874538745388,0.949248120300752,0.8125,0.9539635268351824
seen_unseen,depth,low_level-low_level,biological_only,split_00,0,303,fusion,374,2119,100,50,50,0.9732,0.912621359223301,0.8867924528301887,0.94,0.91,0.9789515705176232
seen_unseen,depth,low_level-mid_level,biological_only,split_00,0,303,fusion,374,2119,622,311,311,0.9579615595372256,0.8656716417910447,0.807799442896936,0.932475884244373,0.8553054662379421,0.966229697730814
seen_unseen,depth,low_level-deep_level,biological_only,split_00,0,303,fusion,374,2119,244,122,122,0.9718489653319,0.8571428571428571,0.7748344370860927,0.9590163934426228,0.8401639344262295,0.979609069565458
seen_unseen,depth,mid_level-mid_level,biological_only,split_00,0,303,fusion,374,2119,638,319,319,0.9184265091734556,0.8020969855832241,0.6891891891891891,0.9592476489028212,0.7633228840125392,0.9253648661705092
seen_unseen,depth,mid_level-deep_level,biological_only,split_00,0,303,fusion,374,2119,468,234,234,0.9407736138505368,0.8228782287822878,0.724025974025974,0.9529914529914528,0.7948717948717948,0.9463787367737292
seen_unseen,depth,deep_level-deep_level,biological_only,split_00,0,303,fusion,374,2119,56,28,28,0.9706632653061223,0.7941176470588235,0.675,0.9642857142857144,0.75,0.9756726585777108
seen_unseen,overall,overall,biological_only,split_00,0,303,topo_only,374,2119,2128,1064,1064,0.8154145054836339,0.7283763277693475,0.7886089813800657,0.6766917293233082,0.7476503759398496,0.8519561562856299
seen_unseen,depth,low_level-low_level,biological_only,split_00,0,303,topo_only,374,2119,100,50,50,0.7976,0.7956989247311828,0.8604651162790697,0.74,0.81,0.8751439579850571
seen_unseen,depth,low_level-mid_level,biological_only,split_00,0,303,topo_only,374,2119,622,311,311,0.8129361772520962,0.7477638640429338,0.842741935483871,0.6720257234726688,0.7733118971061094,0.8664899533842355
seen_unseen,depth,low_level-deep_level,biological_only,split_00,0,303,topo_only,374,2119,244,122,122,0.8216541252351518,0.7272727272727273,0.7706422018348624,0.6885245901639344,0.7418032786885246,0.8637689106512204
seen_unseen,depth,mid_level-mid_level,biological_only,split_00,0,303,topo_only,374,2119,638,319,319,0.8141822505675063,0.7111853088480802,0.7607142857142857,0.6677115987460815,0.7288401253918495,0.8427124313461626
seen_unseen,depth,mid_level-deep_level,biological_only,split_00,0,303,topo_only,374,2119,468,234,234,0.8146139235882826,0.7162790697674418,0.7857142857142857,0.6581196581196581,0.7393162393162394,0.8296821604325793
seen_unseen,depth,deep_level-deep_level,biological_only,split_00,0,303,topo_only,374,2119,56,28,28,0.7602040816326531,0.7076923076923077,0.6216216216216216,0.8214285714285714,0.6607142857142857,0.7878503567228538
seen_unseen,overall,overall,biological_only,split_01,1,101,baseline,374,2119,2198,1099,1099,0.871760331379093,0.7780738484963837,0.668848167539267,0.929936305732484,0.7347588717015469,0.8744285394963058
seen_unseen,depth,low_level-low_level,biological_only,split_01,1,101,baseline,374,2119,108,54,54,0.756687242798354,0.6929133858267716,0.6027397260273972,0.8148148148148148,0.6388888888888888,0.8000954494840447
seen_unseen,depth,low_level-mid_level,biological_only,split_01,1,101,baseline,374,2119,578,289,289,0.84873265406305,0.7624633431085044,0.6615776081424937,0.8996539792387543,0.7197231833910035,0.8584527079017666
seen_unseen,depth,low_level-deep_level,biological_only,split_01,1,101,baseline,374,2119,166,83,83,0.9084047031499493,0.8061224489795918,0.6991150442477876,0.9518072289156626,0.7710843373493976,0.897931239713029
seen_unseen,depth,mid_level-mid_level,biological_only,split_01,1,101,baseline,374,2119,850,425,425,0.8743584775086505,0.7692307692307693,0.6504065040650406,0.9411764705882352,0.7176470588235294,0.8801669965847194
seen_unseen,depth,mid_level-deep_level,biological_only,split_01,1,101,baseline,374,2119,446,223,223,0.8933117496832834,0.8152380952380952,0.7086092715231788,0.9596412556053812,0.7825112107623319,0.8835897364144831
seen_unseen,depth,deep_level-deep_level,biological_only,split_01,1,101,baseline,374,2119,50,25,25,0.9776,0.8771929824561403,0.78125,1.0,0.86,0.9786848792472916
seen_unseen,overall,overall,biological_only,split_01,1,101,fusion,374,2119,2198,1099,1099,0.918487399828283,0.8070175438596491,0.7060027285129604,0.9417652411282984,0.7747952684258417,0.9297181361807232
seen_unseen,depth,low_level-low_level,biological_only,split_01,1,101,fusion,374,2119,108,54,54,0.8974622770919067,0.7092198581560284,0.5747126436781609,0.925925925925926,0.6203703703703703,0.931313257068855
seen_unseen,depth,low_level-mid_level,biological_only,split_01,1,101,fusion,374,2119,578,289,289,0.9156260102249734,0.7988077496274217,0.7015706806282722,0.9273356401384084,0.7664359861591695,0.9343955076058306
seen_unseen,depth,low_level-deep_level,biological_only,split_01,1,101,fusion,374,2119,166,83,83,0.921469008564378,0.8167539267015707,0.7222222222222222,0.9397590361445785,0.7891566265060241,0.932167519701972
seen_unseen,depth,mid_level-mid_level,biological_only,split_01,1,101,fusion,374,2119,850,425,425,0.9231612456747404,0.8104312938816449,0.7062937062937062,0.9505882352941176,0.7776470588235294,0.929957847224588
seen_unseen,depth,mid_level-deep_level,biological_only,split_01,1,101,fusion,374,2119,446,223,223,0.9210521023949808,0.821917808219178,0.7291666666666666,0.9417040358744396,0.7959641255605381,0.9258886357327436
seen_unseen,depth,deep_level-deep_level,biological_only,split_01,1,101,fusion,374,2119,50,25,25,0.9872,0.925925925925926,0.8620689655172413,1.0,0.92,0.9872028017071496
seen_unseen,overall,overall,biological_only,split_01,1,101,topo_only,374,2119,2198,1099,1099,0.7489383598788211,0.683859493108048,0.668695652173913,0.6997270245677889,0.6765241128298453,0.7649656883658701
seen_unseen,depth,low_level-low_level,biological_only,split_01,1,101,topo_only,374,2119,108,54,54,0.8491083676268862,0.78,0.8478260869565217,0.7222222222222222,0.7962962962962963,0.8913159750419387
seen_unseen,depth,low_level-mid_level,biological_only,split_01,1,101,topo_only,374,2119,578,289,289,0.7978592210342309,0.7012987012987013,0.756,0.6539792387543253,0.7214532871972318,0.8271479921304713
seen_unseen,depth,low_level-deep_level,biological_only,split_01,1,101,topo_only,374,2119,166,83,83,0.7837131659166788,0.7142857142857143,0.7746478873239436,0.6626506024096386,0.7349397590361446,0.813509944860257
seen_unseen,depth,mid_level-mid_level,biological_only,split_01,1,101,topo_only,374,2119,850,425,425,0.6915598615916955,0.6694825765575502,0.60727969348659,0.7458823529411764,0.6317647058823529,0.7012786791229114
seen_unseen,depth,mid_level-deep_level,biological_only,split_01,1,101,topo_only,374,2119,446,223,223,0.7125218685274186,0.6594360086767896,0.6386554621848739,0.6816143497757847,0.647982062780269,0.7134453375962966
seen_unseen,depth,deep_level-deep_level,biological_only,split_01,1,101,topo_only,374,2119,50,25,25,0.7936,0.7083333333333334,0.7391304347826086,0.68,0.72,0.8092687384316675
seen_unseen,overall,overall,biological_only,split_01,1,202,baseline,374,2119,2198,1099,1099,0.8680949924697858,0.7841726618705036,0.699215965787598,0.8926296633303002,0.7543221110100091,0.8753471511283161
seen_unseen,depth,low_level-low_level,biological_only,split_01,1,202,baseline,374,2119,108,54,54,0.7673182441700961,0.7017543859649122,0.6666666666666666,0.7407407407407407,0.6851851851851852,0.8087726340052988
seen_unseen,depth,low_level-mid_level,biological_only,split_01,1,202,baseline,374,2119,578,289,289,0.8611846122532056,0.7789799072642968,0.7039106145251397,0.8719723183391004,0.7525951557093425,0.8768995239061498
seen_unseen,depth,low_level-deep_level,biological_only,split_01,1,202,baseline,374,2119,166,83,83,0.9287269560168384,0.8743169398907104,0.8,0.963855421686747,0.8614457831325302,0.9244944259115886
seen_unseen,depth,mid_level-mid_level,biological_only,split_01,1,202,baseline,374,2119,850,425,425,0.8484179930795848,0.7583417593528817,0.6648936170212766,0.8823529411764706,0.7188235294117648,0.8604831819014558
seen_unseen,depth,mid_level-deep_level,biological_only,split_01,1,202,baseline,374,2119,446,223,223,0.8929799513362423,0.8180039138943248,0.7256944444444444,0.937219730941704,0.7914798206278026,0.8840750546478459
seen_unseen,depth,deep_level-deep_level,biological_only,split_01,1,202,baseline,374,2119,50,25,25,0.9728,0.8620689655172413,0.7575757575757576,1.0,0.84,0.976873145245559
seen_unseen,overall,overall,biological_only,split_01,1,202,fusion,374,2119,2198,1099,1099,0.910607790521783,0.8291517323775388,0.7372521246458924,0.9472247497725204,0.8048225659690628,0.8968035560746852
seen_unseen,depth,low_level-low_level,biological_only,split_01,1,202,fusion,374,2119,108,54,54,0.862997256515775,0.7424242424242424,0.6282051282051282,0.9074074074074074,0.6851851851851852,0.8669675200330309
seen_unseen,depth,low_level-mid_level,biological_only,split_01,1,202,fusion,374,2119,578,289,289,0.8890698147771219,0.8061538461538461,0.7257617728531855,0.9065743944636678,0.7820069204152249,0.8758760811462193
seen_unseen,depth,low_level-deep_level,biological_only,split_01,1,202,fusion,374,2119,166,83,83,0.891566265060241,0.8526315789473684,0.7570093457943925,0.9759036144578314,0.8313253012048193,0.8519841312848858
seen_unseen,depth,mid_level-mid_level,biological_only,split_01,1,202,fusion,374,2119,850,425,425,0.9358698961937716,0.840080971659919,0.7371225577264654,0.976470588235294,0.8141176470588235,0.9280963148996294
seen_unseen,depth,mid_level-deep_level,biological_only,split_01,1,202,fusion,374,2119,446,223,223,0.9280801946550304,0.8393574297188755,0.76,0.937219730941704,0.820627802690583,0.9182058895905304
seen_unseen,depth,deep_level-deep_level,biological_only,split_01,1,202,fusion,374,2119,50,25,25,0.992,0.9433962264150944,0.8928571428571429,1.0,0.94,0.9922934472934472
seen_unseen,overall,overall,biological_only,split_01,1,202,topo_only,374,2119,2198,1099,1099,0.7520075740954015,0.6882483370288248,0.671280276816609,0.7060964513193813,0.6801637852593266,0.7693447354188959
seen_unseen,depth,low_level-low_level,biological_only,split_01,1,202,topo_only,374,2119,108,54,54,0.8364197530864198,0.7422680412371134,0.8372093023255814,0.6666666666666666,0.7685185185185185,0.8851044496023383
seen_unseen,depth,low_level-mid_level,biological_only,split_01,1,202,topo_only,374,2119,578,289,289,0.8118976065899595,0.7039106145251397,0.7620967741935484,0.6539792387543253,0.7249134948096886,0.8351646483797336
seen_unseen,depth,low_level-deep_level,biological_only,split_01,1,202,topo_only,374,2119,166,83,83,0.7636812309478879,0.6666666666666666,0.765625,0.5903614457831325,0.7048192771084337,0.804585677890554
seen_unseen,depth,mid_level-mid_level,biological_only,split_01,1,202,topo_only,374,2119,850,425,425,0.7006615916955017,0.6948453608247422,0.618348623853211,0.7929411764705883,0.6517647058823529,0.7101826313946296
seen_unseen,depth,mid_level-deep_level,biological_only,split_01,1,202,topo_only,374,2119,446,223,223,0.7098373182649962,0.6520787746170679,0.6367521367521367,0.6681614349775785,0.6434977578475336,0.7187557245126106
seen_unseen,depth,deep_level-deep_level,biological_only,split_01,1,202,topo_only,374,2119,50,25,25,0.8176,0.6808510638297872,0.7272727272727273,0.64,0.7,0.8168103220617411
seen_unseen,overall,overall,biological_only,split_01,1,303,baseline,374,2119,2198,1099,1099,0.8726218143551794,0.7921919479463196,0.7161764705882353,0.8862602365787079,0.767515923566879,0.872901322953247
seen_unseen,depth,low_level-low_level,biological_only,split_01,1,303,baseline,374,2119,108,54,54,0.7618312757201646,0.6666666666666666,0.6060606060606061,0.7407407407407407,0.6296296296296297,0.7895159912686878
seen_unseen,depth,low_level-mid_level,biological_only,split_01,1,303,baseline,374,2119,578,289,289,0.8462422624250188,0.7765793528505393,0.7,0.8719723183391004,0.7491349480968859,0.8555661250133414
seen_unseen,depth,low_level-deep_level,biological_only,split_01,1,303,baseline,374,2119,166,83,83,0.9248076643925096,0.8253968253968254,0.7358490566037735,0.9397590361445785,0.8012048192771084,0.9222926901680912
seen_unseen,depth,mid_level-mid_level,biological_only,split_01,1,303,baseline,374,2119,850,425,425,0.8726615916955017,0.7899159663865546,0.713472485768501,0.8847058823529412,0.7647058823529411,0.8768224597754692
seen_unseen,depth,mid_level-deep_level,biological_only,split_01,1,303,baseline,374,2119,446,223,223,0.8982082889259789,0.8259109311740891,0.7527675276752768,0.9147982062780268,0.8071748878923767,0.8857340447779022
seen_unseen,depth,deep_level-deep_level,biological_only,split_01,1,303,baseline,374,2119,50,25,25,0.9664,0.8727272727272727,0.8,0.96,0.86,0.9692151199375336
seen_unseen,overall,overall,biological_only,split_01,1,303,fusion,374,2119,2198,1099,1099,0.9108383748647336,0.8203062046736502,0.7360809833694866,0.9262966333030028,0.7970882620564149,0.9150819773839328
seen_unseen,depth,low_level-low_level,biological_only,split_01,1,303,fusion,374,2119,108,54,54,0.8669410150891632,0.75,0.6486486486486487,0.8888888888888888,0.7037037037037037,0.9026434533180336
seen_unseen,depth,low_level-mid_level,biological_only,split_01,1,303,fusion,374,2119,578,289,289,0.8977023742531818,0.8073959938366718,0.7277777777777777,0.9065743944636678,0.7837370242214533,0.9127029275269318
seen_unseen,depth,low_level-deep_level,biological_only,split_01,1,303,fusion,374,2119,166,83,83,0.8987516330381767,0.8064516129032258,0.7281553398058253,0.9036144578313252,0.7831325301204819,0.9053009298332372
seen_unseen,depth,mid_level-mid_level,biological_only,split_01,1,303,fusion,374,2119,850,425,425,0.9215335640138408,0.8255933952528379,0.7352941176470589,0.9411764705882352,0.8011764705882353,0.9210388167254396
seen_unseen,depth,mid_level-deep_level,biological_only,split_01,1,303,fusion,374,2119,446,223,223,0.9297492408856,0.8421052631578947,0.7675276752767528,0.9327354260089686,0.8251121076233184,0.9282083779103104
seen_unseen,depth,deep_level-deep_level,biological_only,split_01,1,303,fusion,374,2119,50,25,25,0.9968,0.8928571428571429,0.8064516129032258,1.0,0.88,0.997037037037037
seen_unseen,overall,overall,biological_only,split_01,1,303,topo_only,374,2119,2198,1099,1099,0.75019518943932,0.686092715231788,0.6663807890222985,0.7070063694267515,0.6765241128298453,0.7569660584577667
seen_unseen,depth,low_level-low_level,biological_only,split_01,1,303,topo_only,374,2119,108,54,54,0.8902606310013718,0.7676767676767676,0.8444444444444444,0.7037037037037037,0.7870370370370371,0.9127127213474966
seen_unseen,depth,low_level-mid_level,biological_only,split_01,1,303,topo_only,374,2119,578,289,289,0.8079465044719292,0.708256880733945,0.75390625,0.6678200692041523,0.7249134948096886,0.8287052972359035
seen_unseen,depth,low_level-deep_level,biological_only,split_01,1,303,topo_only,374,2119,166,83,83,0.8101320946436348,0.6845637583892618,0.7727272727272727,0.6144578313253012,0.7168674698795181,0.8260411458984471
seen_unseen,depth,mid_level-mid_level,biological_only,split_01,1,303,topo_only,374,2119,850,425,425,0.6836207612456747,0.676378772112383,0.6063432835820896,0.7647058823529411,0.6341176470588236,0.6831286683857076
seen_unseen,depth,mid_level-deep_level,biological_only,split_01,1,303,topo_only,374,2119,446,223,223,0.7119789257777152,0.6681034482758621,0.6431535269709544,0.695067264573991,0.6547085201793722,0.6997520705814407
seen_unseen,depth,deep_level-deep_level,biological_only,split_01,1,303,topo_only,374,2119,50,25,25,0.8224,0.6382978723404256,0.6818181818181818,0.6,0.66,0.8323140522534564
seen_unseen,overall,overall,biological_only,split_02,2,101,baseline,374,2119,1836,918,918,0.9009776629121752,0.8067307692307693,0.7220309810671256,0.9139433551198256,0.7810457516339869,0.9053119358075744
seen_unseen,depth,low_level-low_level,biological_only,split_02,2,101,baseline,374,2119,68,34,34,0.9117647058823528,0.8571428571428571,0.9310344827586208,0.7941176470588235,0.8676470588235294,0.9335838062254288
seen_unseen,depth,low_level-mid_level,biological_only,split_02,2,101,baseline,374,2119,406,203,203,0.8689849304763522,0.7795823665893271,0.7368421052631579,0.8275862068965517,0.7660098522167488,0.8898560647410991
seen_unseen,depth,low_level-deep_level,biological_only,split_02,2,101,baseline,374,2119,170,85,85,0.920138408304498,0.8297872340425532,0.7572815533980582,0.9176470588235294,0.8117647058823529,0.9276427680194634
seen_unseen,depth,mid_level-mid_level,biological_only,split_02,2,101,baseline,374,2119,676,338,338,0.8951892440740871,0.802547770700637,0.7046979865771812,0.9319526627218936,0.7707100591715976,0.8904910617945954
seen_unseen,depth,mid_level-deep_level,biological_only,split_02,2,101,baseline,374,2119,472,236,236,0.9400046681987936,0.8228980322003577,0.7120743034055728,0.9745762711864406,0.7902542372881356,0.935099128452433
seen_unseen,depth,deep_level-deep_level,biological_only,split_02,2,101,baseline,374,2119,44,22,22,0.9586776859504132,0.7777777777777778,0.65625,0.9545454545454546,0.7272727272727273,0.9727764434442197
seen_unseen,overall,overall,biological_only,split_02,2,101,fusion,374,2119,1836,918,918,0.9621323232754732,0.8585271317829457,0.7731239092495636,0.9651416122004356,0.840958605664488,0.965554389071197
seen_unseen,depth,low_level-low_level,biological_only,split_02,2,101,fusion,374,2119,68,34,34,0.9792387543252596,0.9850746268656716,1.0,0.9705882352941176,0.9852941176470588,0.9878296146044624
seen_unseen,depth,low_level-mid_level,biological_only,split_02,2,101,fusion,374,2119,406,203,203,0.9669368341867068,0.8727272727272727,0.810126582278481,0.9458128078817734,0.8620689655172413,0.9733033671749604
seen_unseen,depth,low_level-deep_level,biological_only,split_02,2,101,fusion,374,2119,170,85,85,0.966228373702422,0.898876404494382,0.8602150537634409,0.9411764705882352,0.8941176470588236,0.9711122237410024
seen_unseen,depth,mid_level-mid_level,biological_only,split_02,2,101,fusion,374,2119,676,338,338,0.9472838836175204,0.8202531645569621,0.7168141592920354,0.9585798816568049,0.7899408284023669,0.953428247174477
seen_unseen,depth,mid_level-deep_level,biological_only,split_02,2,101,fusion,374,2119,472,236,236,0.9746839988509048,0.8736059479553904,0.7781456953642384,0.9957627118644068,0.8559322033898306,0.9706535508599278
seen_unseen,depth,deep_level-deep_level,biological_only,split_02,2,101,fusion,374,2119,44,22,22,0.975206611570248,0.8627450980392157,0.7586206896551724,1.0,0.8409090909090909,0.9774801903749272
seen_unseen,overall,overall,biological_only,split_02,2,101,topo_only,374,2119,1836,918,918,0.8011656248071729,0.7154129405576013,0.6917599186164801,0.7407407407407407,0.7053376906318083,0.8359534461001937
seen_unseen,depth,low_level-low_level,biological_only,split_02,2,101,topo_only,374,2119,68,34,34,0.8866782006920415,0.8181818181818182,0.84375,0.7941176470588235,0.8235294117647058,0.9230336745610364
seen_unseen,depth,low_level-mid_level,biological_only,split_02,2,101,topo_only,374,2119,406,203,203,0.8159139993690698,0.7268041237113402,0.7621621621621621,0.6945812807881774,0.7389162561576355,0.8596986048549753
seen_unseen,depth,low_level-deep_level,biological_only,split_02,2,101,topo_only,374,2119,170,85,85,0.8146020761245674,0.7116564417177914,0.7435897435897436,0.6823529411764706,0.7235294117647059,0.8489248531620591
seen_unseen,depth,mid_level-mid_level,biological_only,split_02,2,101,topo_only,374,2119,676,338,338,0.7882952277581317,0.7041095890410959,0.6556122448979592,0.7603550295857988,0.6804733727810651,0.8233863557112313
seen_unseen,depth,mid_level-deep_level,biological_only,split_02,2,101,topo_only,374,2119,472,236,236,0.7851551278368285,0.7162426614481409,0.6654545454545454,0.7754237288135594,0.6927966101694916,0.8103442031403365
seen_unseen,depth,deep_level-deep_level,biological_only,split_02,2,101,topo_only,374,2119,44,22,22,0.7665289256198347,0.6511627906976745,0.6666666666666666,0.6363636363636364,0.6590909090909091,0.7783915214493742
seen_unseen,overall,overall,biological_only,split_02,2,202,baseline,374,2119,1836,918,918,0.8963747324153578,0.8146718146718147,0.7313691507798961,0.9193899782135077,0.7908496732026143,0.8987248066453798
seen_unseen,depth,low_level-low_level,biological_only,split_02,2,202,baseline,374,2119,68,34,34,0.9152249134948096,0.8656716417910447,0.8787878787878788,0.8529411764705882,0.8676470588235294,0.9428775207691336
seen_unseen,depth,low_level-mid_level,biological_only,split_02,2,202,baseline,374,2119,406,203,203,0.8810696692470091,0.8018867924528302,0.7692307692307693,0.8374384236453202,0.7931034482758621,0.8996559785918031
seen_unseen,depth,low_level-deep_level,biological_only,split_02,2,202,baseline,374,2119,170,85,85,0.9078200692041524,0.8272251308900523,0.7452830188679245,0.9294117647058824,0.8058823529411765,0.9161194135635232
seen_unseen,depth,mid_level-mid_level,biological_only,split_02,2,202,baseline,374,2119,676,338,338,0.8794466230174013,0.7924528301886793,0.6892778993435449,0.9319526627218936,0.7559171597633136,0.8815390104784115
seen_unseen,depth,mid_level-deep_level,biological_only,split_02,2,202,baseline,374,2119,472,236,236,0.9202276644642344,0.8419117647058824,0.7435064935064936,0.9703389830508474,0.8177966101694916,0.9090874451169612
seen_unseen,depth,deep_level-deep_level,biological_only,split_02,2,202,baseline,374,2119,44,22,22,0.9917355371900826,0.8627450980392157,0.7586206896551724,1.0,0.8409090909090909,0.9915203702753108
seen_unseen,overall,overall,biological_only,split_02,2,202,fusion,374,2119,1836,918,918,0.9538170266896396,0.8848547717842323,0.8445544554455445,0.9291938997821352,0.8790849673202614,0.9562630174641786
seen_unseen,depth,low_level-low_level,biological_only,split_02,2,202,fusion,374,2119,68,34,34,0.9610726643598616,0.953846153846154,1.0,0.9117647058823528,0.9558823529411764,0.9770053475935828
seen_unseen,depth,low_level-mid_level,biological_only,split_02,2,202,fusion,374,2119,406,203,203,0.9519401101701086,0.8910411622276029,0.8761904761904762,0.9064039408866996,0.8891625615763546,0.9608972624352266
seen_unseen,depth,low_level-deep_level,biological_only,split_02,2,202,fusion,374,2119,170,85,85,0.968166089965398,0.8982035928143712,0.9146341463414634,0.8823529411764706,0.9,0.9732536300415164
seen_unseen,depth,mid_level-mid_level,biological_only,split_02,2,202,fusion,374,2119,676,338,338,0.936898217849515,0.8509485094850948,0.785,0.9289940828402368,0.8372781065088757,0.9399153707985232
seen_unseen,depth,mid_level-deep_level,biological_only,split_02,2,202,fusion,374,2119,472,236,236,0.9674931772479172,0.9134808853118712,0.8697318007662835,0.961864406779661,0.9088983050847458,0.9625578629741406
seen_unseen,depth,deep_level-deep_level,biological_only,split_02,2,202,fusion,374,2119,44,22,22,0.987603305785124,0.9166666666666666,0.8461538461538461,1.0,0.9090909090909092,0.9866027732524508
seen_unseen,overall,overall,biological_only,split_02,2,202,topo_only,374,2119,1836,918,918,0.8194355447335071,0.7170454545454545,0.7494061757719715,0.6873638344226579,0.7287581699346405,0.848421515509242
seen_unseen,depth,low_level-low_level,biological_only,split_02,2,202,topo_only,374,2119,68,34,34,0.8615916955017301,0.8,0.8387096774193549,0.7647058823529411,0.8088235294117647,0.9085314878701688
seen_unseen,depth,low_level-mid_level,biological_only,split_02,2,202,topo_only,374,2119,406,203,203,0.8291635322381034,0.717391304347826,0.8,0.6502463054187192,0.7438423645320197,0.8663603216456106
seen_unseen,depth,low_level-deep_level,biological_only,split_02,2,202,topo_only,374,2119,170,85,85,0.8598615916955018,0.7284768211920529,0.8333333333333334,0.6470588235294118,0.7588235294117647,0.879341296600807
seen_unseen,depth,mid_level-mid_level,biological_only,split_02,2,202,topo_only,374,2119,676,338,338,0.7968208396064564,0.7016491754122939,0.7112462006079028,0.6923076923076923,0.7056213017751479,0.8314655831028956
seen_unseen,depth,mid_level-deep_level,biological_only,split_02,2,202,topo_only,374,2119,472,236,236,0.8190893421430623,0.7241379310344828,0.7368421052631579,0.711864406779661,0.7288135593220338,0.831524256862133
seen_unseen,depth,deep_level-deep_level,biological_only,split_02,2,202,topo_only,374,2119,44,22,22,0.7768595041322314,0.7111111111111111,0.6956521739130435,0.7272727272727273,0.7045454545454546,0.7812305804289388
seen_unseen,overall,overall,biological_only,split_02,2,303,baseline,374,2119,1836,918,918,0.8944595146216316,0.8057971014492754,0.7239583333333334,0.9084967320261438,0.7810457516339869,0.8987779246546153
seen_unseen,depth,low_level-low_level,biological_only,split_02,2,303,baseline,374,2119,68,34,34,0.9083044982698962,0.8524590163934426,0.9629629629629628,0.7647058823529411,0.8676470588235294,0.927595500041162
seen_unseen,depth,low_level-mid_level,biological_only,split_02,2,303,baseline,374,2119,406,203,203,0.8709019874299304,0.7905882352941176,0.7567567567567568,0.8275862068965517,0.7807881773399015,0.8914692179332933
seen_unseen,depth,low_level-deep_level,biological_only,split_02,2,303,baseline,374,2119,170,85,85,0.9054671280276816,0.8260869565217391,0.7676767676767676,0.8941176470588236,0.8117647058823529,0.9201016770584356
seen_unseen,depth,mid_level-mid_level,biological_only,split_02,2,303,baseline,374,2119,676,338,338,0.8814379748608242,0.7839195979899497,0.6812227074235808,0.9230769230769232,0.7455621301775148,0.8819150255605883
seen_unseen,depth,mid_level-deep_level,biological_only,split_02,2,303,baseline,374,2119,472,236,236,0.9294742889974146,0.8318264014466547,0.7255520504731862,0.9745762711864406,0.8029661016949152,0.9194399239621616
seen_unseen,depth,deep_level-deep_level,biological_only,split_02,2,303,baseline,374,2119,44,22,22,0.981404958677686,0.8627450980392157,0.7586206896551724,1.0,0.8409090909090909,0.979276473167199
seen_unseen,overall,overall,biological_only,split_02,2,303,fusion,374,2119,1836,918,918,0.9367349215164158,0.8415984593163216,0.7540983606557377,0.9520697167755992,0.8208061002178649,0.9409933373496082
seen_unseen,depth,low_level-low_level,biological_only,split_02,2,303,fusion,374,2119,68,34,34,0.9731833910034602,0.9552238805970148,0.9696969696969696,0.9411764705882352,0.9558823529411764,0.9818152316358916
seen_unseen,depth,low_level-mid_level,biological_only,split_02,2,303,fusion,374,2119,406,203,203,0.9459826736877868,0.8677494199535963,0.8201754385964912,0.9211822660098522,0.8596059113300493,0.9519885217925548
seen_unseen,depth,low_level-deep_level,biological_only,split_02,2,303,fusion,374,2119,170,85,85,0.9461591695501732,0.8603351955307262,0.8191489361702128,0.9058823529411764,0.8529411764705882,0.952762675805635
seen_unseen,depth,mid_level-mid_level,biological_only,split_02,2,303,fusion,374,2119,676,338,338,0.9148576730506636,0.8180677540777918,0.710239651416122,0.9644970414201184,0.7855029585798816,0.9190598044761972
seen_unseen,depth,mid_level-deep_level,biological_only,split_02,2,303,fusion,374,2119,472,236,236,0.9465850330364836,0.8348457350272233,0.7301587301587301,0.9745762711864406,0.8072033898305084,0.947490499126071
seen_unseen,depth,deep_level-deep_level,biological_only,split_02,2,303,fusion,374,2119,44,22,22,0.9545454545454544,0.8461538461538461,0.7333333333333333,1.0,0.8181818181818182,0.9547082223039618
seen_unseen,overall,overall,biological_only,split_02,2,303,topo_only,374,2119,1836,918,918,0.8073028654695962,0.7184567257559958,0.689,0.7505446623093682,0.7058823529411765,0.8321534669211622
seen_unseen,depth,low_level-low_level,biological_only,split_02,2,303,topo_only,374,2119,68,34,34,0.8166089965397924,0.704225352112676,0.6756756756756757,0.7352941176470589,0.6911764705882353,0.8852208361586872
seen_unseen,depth,low_level-mid_level,biological_only,split_02,2,303,topo_only,374,2119,406,203,203,0.7931762479070106,0.6876513317191283,0.6761904761904762,0.6995073891625616,0.6822660098522167,0.8372254677109883
seen_unseen,depth,low_level-deep_level,biological_only,split_02,2,303,topo_only,374,2119,170,85,85,0.8352249134948095,0.7116564417177914,0.7435897435897436,0.6823529411764706,0.7235294117647059,0.8488924885373325
seen_unseen,depth,mid_level-mid_level,biological_only,split_02,2,303,topo_only,374,2119,676,338,338,0.8015300584713421,0.7260458839406208,0.6674937965260546,0.7958579881656804,0.6997041420118343,0.8252132224270405
seen_unseen,depth,mid_level-deep_level,biological_only,split_02,2,303,topo_only,374,2119,472,236,236,0.8117997701809825,0.7355371900826446,0.717741935483871,0.7542372881355932,0.7288135593220338,0.8146102711895484
seen_unseen,depth,deep_level-deep_level,biological_only,split_02,2,303,topo_only,374,2119,44,22,22,0.8037190082644627,0.7391304347826086,0.7083333333333334,0.7727272727272727,0.7272727272727273,0.7977669654705519
