analysis_arm,scenario,group_kind,category,metric,n_holdouts,n_training_seeds,model_a,model_b,sd_across_holdouts,n_supported_holdouts,split_00,split_01,split_02,estimate,ci_low,ci_high,se,p_raw,n_folds,df,confidence,interval_kind,status,p_pointwise,multiplicity_adjustment,inference_scope,familywise_control,reporting_revision,revision_timing
biological_only,seen_unseen,depth,deep_level-deep_level,acc,3,3,fusion,baseline,0.0602228194186889,3,-0.0476190476190475,0.0599999999999998,0.0530303030303029,0.0218037518037517,-0.163212887843448,0.2068203914509515,0.0430005978335755,0.6624946303774948,3,2,0.95,exploratory_corrected_drug_holdout,ok_approximate_cv,0.6624946303774948,none,pointwise,False,depth_pointwise_post_results_v1,post_results
biological_only,seen_unseen,depth,deep_level-deep_level,acc,3,3,fusion,topo_only,0.0842048568593561,3,0.0535714285714287,0.2199999999999998,0.1590909090909091,0.1442207792207792,-0.1144735132164294,0.4029150716579879,0.0601243717978322,0.138569867600236,3,2,0.95,exploratory_corrected_drug_holdout,ok_approximate_cv,0.138569867600236,none,pointwise,False,depth_pointwise_post_results_v1,post_results
biological_only,seen_unseen,depth,deep_level-deep_level,auc,3,3,fusion,baseline,0.012498344423933,3,0.0034013605442178,0.0197333333333332,-0.0048209366391184,0.0061045857461442,-0.0322928474658883,0.0445020189581768,0.008924130210886,0.5645644241846743,3,2,0.95,exploratory_corrected_drug_holdout,ok_approximate_cv,0.5645644241846743,none,pointwise,False,depth_pointwise_post_results_v1,post_results
biological_only,seen_unseen,depth,deep_level-deep_level,auc,3,3,fusion,topo_only,0.0073387326996925,3,0.1755952380952381,0.1807999999999999,0.1900826446280991,0.1821592942411124,0.1596132282071336,0.2047053602750911,0.0052400385181843,0.000826471023117,3,2,0.95,exploratory_corrected_drug_holdout,ok_approximate_cv,0.000826471023117,none,pointwise,False,depth_pointwise_post_results_v1,post_results
biological_only,seen_unseen,depth,deep_level-deep_level,f1,3,3,fusion,baseline,0.0433377975838349,3,-0.0292155479655479,0.0500633581658362,0.0407658790011731,0.0205378964004871,-0.112604552858263,0.1536803456592373,0.0309442703427643,0.5751498178489556,3,2,0.95,exploratory_corrected_drug_holdout,ok_approximate_cv,0.5751498178489556,none,pointwise,False,depth_pointwise_post_results_v1,post_results
biological_only,seen_unseen,depth,deep_level-deep_level,f1,3,3,fusion,topo_only,0.0912165209387955,3,0.0639756127702125,0.2448990085648722,0.1747204247561113,0.1611983486970654,-0.119037189049397,0.4414338864435279,0.0651308751487952,0.1317467067197228,3,2,0.95,exploratory_corrected_drug_holdout,ok_approximate_cv,0.1317467067197228,none,pointwise,False,depth_pointwise_post_results_v1,post_results
biological_only,seen_unseen,depth,deep_level-deep_level,prec,3,3,fusion,baseline,0.0613724447479129,3,-0.0404482121873425,0.0741839879006176,0.0548721632773356,0.0295359796635369,-0.1590125407112583,0.2180845000383321,0.0438214590439676,0.5697687167366667,3,2,0.95,exploratory_corrected_drug_holdout,ok_approximate_cv,0.5697687167366667,none,pointwise,False,depth_pointwise_post_results_v1,post_results
biological_only,seen_unseen,depth,deep_level-deep_level,prec,3,3,fusion,topo_only,0.0551151677686994,3,0.0277382757359875,0.1377187924680309,0.0891518984097694,0.0848696555379293,-0.0844552487522861,0.2541945598281447,0.039353606932199,0.163765444227689,3,2,0.95,exploratory_corrected_drug_holdout,ok_approximate_cv,0.163765444227689,none,pointwise,False,depth_pointwise_post_results_v1,post_results
biological_only,seen_unseen,depth,deep_level-deep_level,rec,3,3,fusion,baseline,0.008272967769472,3,0.0,0.0133333333333333,0.0151515151515151,0.0094949494949494,-0.0159212749759742,0.0349111739658732,0.0059071057014444,0.2492219172026868,3,2,0.95,exploratory_corrected_drug_holdout,ok_approximate_cv,0.2492219172026868,none,pointwise,False,depth_pointwise_post_results_v1,post_results
biological_only,seen_unseen,depth,deep_level-deep_level,rec,3,3,fusion,topo_only,0.1171111852187543,3,0.1309523809523809,0.36,0.2878787878787877,0.2596103896103895,-0.100178776081688,0.6193995553024672,0.0836203124665109,0.0899669284549774,3,2,0.95,exploratory_corrected_drug_holdout,ok_approximate_cv,0.0899669284549774,none,pointwise,False,depth_pointwise_post_results_v1,post_results
biological_only,seen_unseen,depth,low_level-deep_level,acc,3,3,fusion,baseline,0.0432080143305749,3,0.05327868852459,-0.0100401606425701,0.0725490196078429,0.0385958491632876,-0.0941478797825907,0.171339578109166,0.0308516018570833,0.3374317695967992,3,2,0.95,exploratory_corrected_drug_holdout,ok_approximate_cv,0.3374317695967992,none,pointwise,False,depth_pointwise_post_results_v1,post_results
biological_only,seen_unseen,depth,low_level-deep_level,acc,3,3,fusion,topo_only,0.0324536794597127,3,0.1188524590163934,0.0823293172690763,0.1470588235294117,0.1160801999382938,0.0163759553382805,0.2157844445383071,0.0231727380441076,0.0376167023397614,3,2,0.95,exploratory_corrected_drug_holdout,ok_approximate_cv,0.0376167023397614,none,pointwise,False,depth_pointwise_post_results_v1,post_results
biological_only,seen_unseen,depth,low_level-deep_level,auc,3,3,fusion,baseline,0.0344544935754934,3,0.0339962375705453,-0.0167174722988339,0.0490426758938868,0.0221071470551994,-0.0837440017886485,0.1279582958990474,0.0246013693164875,0.4636936767711976,3,2,0.95,exploratory_corrected_drug_holdout,ok_approximate_cv,0.4636936767711976,none,pointwise,False,depth_pointwise_post_results_v1,post_results
biological_only,seen_unseen,depth,low_level-deep_level,auc,3,3,fusion,topo_only,0.0224639386811501,3,0.1594665412523515,0.1180868050515314,0.1236216839677047,0.1337250100905292,0.0647112626747555,0.2027387575063029,0.0160398135177057,0.0140838820455833,3,2,0.95,exploratory_corrected_drug_holdout,ok_approximate_cv,0.0140838820455833,none,pointwise,False,depth_pointwise_post_results_v1,post_results
biological_only,seen_unseen,depth,low_level-deep_level,f1,3,3,fusion,baseline,0.0361940229718704,3,0.0452967303320177,-0.0099996985716542,0.0581052904617115,0.0311341074073583,-0.0800612263582823,0.142329441172999,0.0258434367705741,0.3515274164769875,3,2,0.95,exploratory_corrected_drug_holdout,ok_approximate_cv,0.3515274164769875,none,pointwise,False,depth_pointwise_post_results_v1,post_results
biological_only,seen_unseen,depth,low_level-deep_level,f1,3,3,fusion,topo_only,0.0165778932469763,3,0.1444378187479883,0.1367736597368406,0.1685418294039478,0.1499177692962589,0.0989871398340033,0.2008483987585144,0.0118370300049412,0.0061764807971009,3,2,0.95,exploratory_corrected_drug_holdout,ok_approximate_cv,0.0061764807971009,none,pointwise,False,depth_pointwise_post_results_v1,post_results
biological_only,seen_unseen,depth,low_level-deep_level,prec,3,3,fusion,baseline,0.0585560208870227,3,0.0490096106378001,-0.0091923976763736,0.1079189321107888,0.0492453816907384,-0.1306505169105502,0.2291412802920271,0.0418104620341956,0.3600358952622796,3,2,0.95,exploratory_corrected_drug_holdout,ok_approximate_cv,0.3600358952622796,none,pointwise,False,depth_pointwise_post_results_v1,post_results
biological_only,seen_unseen,depth,low_level-deep_level,prec,3,3,fusion,topo_only,0.0634341123812329,3,0.0377433834149046,-0.0352044174095921,0.0911617719207654,0.0312335793086926,-0.1636487995813331,0.2261159581987184,0.0452935412483983,0.5617195981886405,3,2,0.95,exploratory_corrected_drug_holdout,ok_approximate_cv,0.5617195981886405,none,pointwise,False,depth_pointwise_post_results_v1,post_results
biological_only,seen_unseen,depth,low_level-deep_level,rec,3,3,fusion,baseline,0.0270019877967738,3,0.0382513661202186,-0.0120481927710842,-0.0039215686274509,0.0074272015738944,-0.0755283474053257,0.0903827505531146,0.0192800939770657,0.737179913614381,3,2,0.95,exploratory_corrected_drug_holdout,ok_approximate_cv,0.737179913614381,none,pointwise,False,depth_pointwise_post_results_v1,post_results
biological_only,seen_unseen,depth,low_level-deep_level,rec,3,3,fusion,topo_only,0.0394931987988036,3,0.2677595628415301,0.3172690763052208,0.2392156862745098,0.2747481084737536,0.1534170415923859,0.3960791753551212,0.0281991307464723,0.0103706263320866,3,2,0.95,exploratory_corrected_drug_holdout,ok_approximate_cv,0.0103706263320866,none,pointwise,False,depth_pointwise_post_results_v1,post_results
biological_only,seen_unseen,depth,low_level-low_level,acc,3,3,fusion,baseline,0.060242020437185,3,0.1366666666666667,0.0185185185185186,0.0980392156862746,0.0844081336238199,-0.1006674954223192,0.2694837626699592,0.0430143078405515,0.1887280771054739,3,2,0.95,exploratory_corrected_drug_holdout,ok_approximate_cv,0.1887280771054739,none,pointwise,False,depth_pointwise_post_results_v1,post_results
biological_only,seen_unseen,depth,low_level-low_level,acc,3,3,fusion,topo_only,0.1586837152657403,3,0.1133333333333334,-0.1141975308641974,0.1911764705882355,0.0634374243524571,-0.4240709329213193,0.5509457816262335,0.1133041376797808,0.6318984937188923,3,2,0.95,exploratory_corrected_drug_holdout,ok_approximate_cv,0.6318984937188923,none,pointwise,False,depth_pointwise_post_results_v1,post_results
biological_only,seen_unseen,depth,low_level-low_level,auc,3,3,fusion,baseline,0.0273230420714457,3,0.0826666666666667,0.1138545953360767,0.0594002306805074,0.0853071642277503,0.00136527180567,0.1692490566498307,0.0195093347512636,0.048526051169116,3,2,0.95,exploratory_corrected_drug_holdout,ok_approximate_cv,0.048526051169116,none,pointwise,False,depth_pointwise_post_results_v1,post_results
biological_only,seen_unseen,depth,low_level-low_level,auc,3,3,fusion,topo_only,0.0716384796848822,3,0.1564000000000001,0.017203932327389,0.1162053056516723,0.0966030793263538,-0.1234847695766135,0.3166909282293211,0.0511516645031471,0.199551065050707,3,2,0.95,exploratory_corrected_drug_holdout,ok_approximate_cv,0.199551065050707,none,pointwise,False,depth_pointwise_post_results_v1,post_results
biological_only,seen_unseen,depth,low_level-low_level,f1,3,3,fusion,baseline,0.0388123653940123,3,0.119683143415514,0.0467698873739733,0.106290381993832,0.0909144709277731,-0.0283249385066343,0.2101538803621805,0.0277129986836814,0.0816936361783174,3,2,0.95,exploratory_corrected_drug_holdout,ok_approximate_cv,0.0816936361783174,none,pointwise,False,depth_pointwise_post_results_v1,post_results
biological_only,seen_unseen,depth,low_level-low_level,f1,3,3,fusion,topo_only,0.1133007939581054,3,0.1275515974891232,-0.0294335694445367,0.1905791636714487,0.0962323972386784,-0.2518504784857207,0.4443152729630775,0.0808995978973606,0.3563037990525683,3,2,0.95,exploratory_corrected_drug_holdout,ok_approximate_cv,0.3563037990525683,none,pointwise,False,depth_pointwise_post_results_v1,post_results
biological_only,seen_unseen,depth,low_level-low_level,prec,3,3,fusion,baseline,0.0848635625959012,3,0.1612825369383846,-0.0079668594075773,0.0656372150625025,0.0729842975311032,-0.1877336716962042,0.3337022667584108,0.0605947041525983,0.3516064941207708,3,2,0.95,exploratory_corrected_drug_holdout,ok_approximate_cv,0.3516064941207708,none,pointwise,False,depth_pointwise_post_results_v1,post_results
biological_only,seen_unseen,depth,low_level-low_level,prec,3,3,fusion,topo_only,0.2177446760967226,3,0.0495720321904911,-0.2259711377315366,0.2038538722006464,0.0091515888865336,-0.6598039442710769,0.6781071220441443,0.155475139450739,0.9584142349953744,3,2,0.95,exploratory_corrected_drug_holdout,ok_approximate_cv,0.9584142349953744,none,pointwise,False,depth_pointwise_post_results_v1,post_results
biological_only,seen_unseen,depth,low_level-low_level,rec,3,3,fusion,baseline,0.042182881119673,3,0.0666666666666666,0.1419753086419755,0.1372549019607842,0.1152989590898088,-0.0142953540083459,0.2448932721879635,0.0301196311298185,0.0619661071194962,3,2,0.95,exploratory_corrected_drug_holdout,ok_approximate_cv,0.0619661071194962,none,pointwise,False,depth_pointwise_post_results_v1,post_results
biological_only,seen_unseen,depth,low_level-low_level,rec,3,3,fusion,topo_only,0.0171616682927072,3,0.1999999999999999,0.2098765432098766,0.176470588235294,0.1954490438150568,0.1427249397477665,0.2481731478823471,0.0122538599741963,0.0039077541516038,3,2,0.95,exploratory_corrected_drug_holdout,ok_approximate_cv,0.0039077541516038,none,pointwise,False,depth_pointwise_post_results_v1,post_results
biological_only,seen_unseen,depth,low_level-mid_level,acc,3,3,fusion,baseline,0.0298744622898276,3,0.0868167202572346,0.0369088811995386,0.090311986863711,0.0713458627734947,-0.0204345068186937,0.1631262323656832,0.0213311125387221,0.078949201029963,3,2,0.95,exploratory_corrected_drug_holdout,ok_approximate_cv,0.078949201029963,none,pointwise,False,depth_pointwise_post_results_v1,post_results
biological_only,seen_unseen,depth,low_level-mid_level,acc,3,3,fusion,topo_only,0.0474872618707946,3,0.1018220793140406,0.0536332179930794,0.1486042692939245,0.1013531888670148,-0.0445372510391327,0.2472436287731624,0.0339070915250114,0.0960637319608178,3,2,0.95,exploratory_corrected_drug_holdout,ok_approximate_cv,0.0960637319608178,none,pointwise,False,depth_pointwise_post_results_v1,post_results
biological_only,seen_unseen,depth,low_level-mid_level,auc,3,3,fusion,baseline,0.0168400408871793,3,0.0575469649817514,0.0487462235046675,0.0813010102971034,0.0625313995945074,0.010795399743586,0.1142673994454289,0.0120242099702466,0.0350436419878374,3,2,0.95,exploratory_corrected_drug_holdout,ok_approximate_cv,0.0350436419878374,none,pointwise,False,depth_pointwise_post_results_v1,post_results
biological_only,seen_unseen,depth,low_level-mid_level,auc,3,3,fusion,topo_only,0.0244245049899075,3,0.1291067434510946,0.0948982890530523,0.1422019461768062,0.122068992893651,0.0470319906094871,0.1971059951778149,0.0174397068502117,0.0198067611852766,3,2,0.95,exploratory_corrected_drug_holdout,ok_approximate_cv,0.0198067611852766,none,pointwise,False,depth_pointwise_post_results_v1,post_results
biological_only,seen_unseen,depth,low_level-mid_level,f1,3,3,fusion,baseline,0.0279664584379171,3,0.0675779076428557,0.0314449954648663,0.0864868201907321,0.061836574432818,-0.024082022752799,0.1477551716184352,0.0199687501137664,0.0903694494508935,3,2,0.95,exploratory_corrected_drug_holdout,ok_approximate_cv,0.0903694494508935,none,pointwise,False,depth_pointwise_post_results_v1,post_results
biological_only,seen_unseen,depth,low_level-mid_level,f1,3,3,fusion,topo_only,0.0335808319652649,3,0.1282313656087261,0.0996304643533845,0.1665570317100591,0.1314729538907232,0.0283058696070121,0.2346400381744343,0.0239775530968767,0.0316886074103876,3,2,0.95,exploratory_corrected_drug_holdout,ok_approximate_cv,0.0316886074103876,none,pointwise,False,depth_pointwise_post_results_v1,post_results
biological_only,seen_unseen,depth,low_level-mid_level,prec,3,3,fusion,baseline,0.0412985367557245,3,0.1115771611417968,0.0298740028638674,0.0812209552715881,0.0742240397590841,-0.052653389206311,0.2011014687244793,0.0294881871571251,0.1281815108130586,3,2,0.95,exploratory_corrected_drug_holdout,ok_approximate_cv,0.1281815108130586,none,pointwise,False,depth_pointwise_post_results_v1,post_results
biological_only,seen_unseen,depth,low_level-mid_level,prec,3,3,fusion,topo_only,0.0641761220289088,3,0.0239647246426218,-0.0389642643114376,0.0893799529042699,0.0247934710784847,-0.1723685110072061,0.2219554531641755,0.0458233546772004,0.6426680532176212,3,2,0.95,exploratory_corrected_drug_holdout,ok_approximate_cv,0.6426680532176212,none,pointwise,False,depth_pointwise_post_results_v1,post_results
biological_only,seen_unseen,depth,low_level-mid_level,rec,3,3,fusion,baseline,0.0443180347411697,3,0.007502679528403,0.0322952710495964,0.0935960591133004,0.0444646698970999,-0.0916892654836555,0.1806186052778554,0.0316441841659786,0.295171276008752,3,2,0.95,exploratory_corrected_drug_holdout,ok_approximate_cv,0.295171276008752,none,pointwise,False,depth_pointwise_post_results_v1,post_results
biological_only,seen_unseen,depth,low_level-mid_level,rec,3,3,fusion,topo_only,0.0133283961216438,3,0.2282958199356912,0.2549019607843138,0.2430213464696222,0.2420730423965424,0.2011255230655553,0.2830205617275295,0.009516807863292,0.0015419998027665,3,2,0.95,exploratory_corrected_drug_holdout,ok_approximate_cv,0.0015419998027665,none,pointwise,False,depth_pointwise_post_results_v1,post_results
biological_only,seen_unseen,depth,mid_level-deep_level,acc,3,3,fusion,baseline,0.0477888566963125,3,-0.0405982905982906,0.0201793721973094,0.0536723163841807,0.0110844659943998,-0.1357325340045983,0.157901465993398,0.0341224377662862,0.7761306326620615,3,2,0.95,exploratory_corrected_drug_holdout,ok_approximate_cv,0.7761306326620615,none,pointwise,False,depth_pointwise_post_results_v1,post_results
biological_only,seen_unseen,depth,mid_level-deep_level,acc,3,3,fusion,topo_only,0.0523008022207403,3,0.0648148148148146,0.1651718983557549,0.1405367231638418,0.1235078121114704,-0.0371707939574321,0.2841864181803731,0.0373440796092902,0.080533396853671,3,2,0.95,exploratory_corrected_drug_holdout,ok_approximate_cv,0.080533396853671,none,pointwise,False,depth_pointwise_post_results_v1,post_results
biological_only,seen_unseen,depth,mid_level-deep_level,auc,3,3,fusion,baseline,0.0168460583866294,3,0.0030925073660117,0.0314605159967019,0.0330185291582877,0.0225238508403338,-0.0292306359817738,0.0742783376624414,0.0120285066152114,0.2020109645577987,3,2,0.95,exploratory_corrected_drug_holdout,ok_approximate_cv,0.2020109645577987,none,pointwise,False,depth_pointwise_post_results_v1,post_results
biological_only,seen_unseen,depth,mid_level-deep_level,auc,3,3,fusion,topo_only,0.0437390615164604,3,0.1289478169820052,0.2148478084551603,0.1575726563248107,0.1671227605873254,0.0327475476495809,0.3014979735250699,0.0312307828169144,0.0331926988346864,3,2,0.95,exploratory_corrected_drug_holdout,ok_approximate_cv,0.0331926988346864,none,pointwise,False,depth_pointwise_post_results_v1,post_results
biological_only,seen_unseen,depth,mid_level-deep_level,f1,3,3,fusion,baseline,0.0354100319770314,3,-0.0284375609656268,0.0147425202631463,0.0417654566471967,0.0093568053149054,-0.0994299500949074,0.1181435607247182,0.0252836476109229,0.7468428222508396,3,2,0.95,exploratory_corrected_drug_holdout,ok_approximate_cv,0.7468428222508396,none,pointwise,False,depth_pointwise_post_results_v1,post_results
biological_only,seen_unseen,depth,mid_level-deep_level,f1,3,3,fusion,topo_only,0.0333271121524994,3,0.1084471191706957,0.1745874231754095,0.1486715952430722,0.1439020458630591,0.0415144399834299,0.2462896517426884,0.0237963908109451,0.0262727629081869,3,2,0.95,exploratory_corrected_drug_holdout,ok_approximate_cv,0.0262727629081869,none,pointwise,False,depth_pointwise_post_results_v1,post_results
biological_only,seen_unseen,depth,mid_level-deep_level,prec,3,3,fusion,baseline,0.0540375012228726,3,-0.0416610447970476,0.0232076994335065,0.0656344596346665,0.0157270380903751,-0.1502870573587118,0.181741133539462,0.038584126091164,0.7230541128971236,3,2,0.95,exploratory_corrected_drug_holdout,ok_approximate_cv,0.7230541128971236,none,pointwise,False,depth_pointwise_post_results_v1,post_results
biological_only,seen_unseen,depth,mid_level-deep_level,prec,3,3,fusion,topo_only,0.0754389114216712,3,-0.0292448010339761,0.1127110720118182,0.0859992133625591,0.0564884947801337,-0.1752750464257925,0.28825203598606,0.0538652677234059,0.4043565680420237,3,2,0.95,exploratory_corrected_drug_holdout,ok_approximate_cv,0.4043565680420237,none,pointwise,False,depth_pointwise_post_results_v1,post_results
biological_only,seen_unseen,depth,mid_level-deep_level,rec,3,3,fusion,baseline,0.0029450431823445,3,-0.0014245014245015,0.0,0.0042372881355933,0.0009375955703639,-0.0081101706829078,0.0099853618236356,0.0021028344190609,0.6993110976719196,3,2,0.95,exploratory_corrected_drug_holdout,ok_approximate_cv,0.6993110976719196,none,pointwise,False,depth_pointwise_post_results_v1,post_results
biological_only,seen_unseen,depth,mid_level-deep_level,rec,3,3,fusion,topo_only,0.0231023641748775,3,0.2763532763532762,0.2556053811659191,0.2302259887005651,0.2540615487399201,0.1830864295276297,0.3250366679522106,0.0164956652723639,0.004189151928712,3,2,0.95,exploratory_corrected_drug_holdout,ok_approximate_cv,0.004189151928712,none,pointwise,False,depth_pointwise_post_results_v1,post_results
biological_only,seen_unseen,depth,mid_level-mid_level,acc,3,3,fusion,baseline,0.0170705026448802,3,0.0297805642633228,0.063921568627451,0.046844181459566,0.0468487714501133,-0.0055952533718839,0.0992927962721106,0.0121887654237205,0.061510390023718,3,2,0.95,exploratory_corrected_drug_holdout,ok_approximate_cv,0.061510390023718,none,pointwise,False,depth_pointwise_post_results_v1,post_results
biological_only,seen_unseen,depth,mid_level-mid_level,acc,3,3,fusion,topo_only,0.049696547145137,3,0.0590386624869382,0.1584313725490197,0.1089743589743589,0.1088147980034389,-0.0438630115646815,0.2614926075715594,0.0354845764136076,0.091915407207211,3,2,0.95,exploratory_corrected_drug_holdout,ok_approximate_cv,0.091915407207211,none,pointwise,False,depth_pointwise_post_results_v1,post_results
biological_only,seen_unseen,depth,mid_level-mid_level,auc,3,3,fusion,baseline,0.0075553672749977,3,0.0498733961602839,0.0617088811995386,0.0476553108551287,0.0530791960716504,0.0298675849578952,0.0762908071854056,0.0053947210179322,0.0101723894536664,3,2,0.95,exploratory_corrected_drug_holdout,ok_approximate_cv,0.0101723894536664,none,pointwise,False,depth_pointwise_post_results_v1,post_results
biological_only,seen_unseen,depth,mid_level-mid_level,auc,3,3,fusion,topo_only,0.0660863933674954,3,0.1088498213133385,0.2349074971164936,0.1374645495605895,0.1604072893301405,-0.0426234313382205,0.3634380099985017,0.0471873361442998,0.0767119172414943,3,2,0.95,exploratory_corrected_drug_holdout,ok_approximate_cv,0.0767119172414943,none,pointwise,False,depth_pointwise_post_results_v1,post_results
biological_only,seen_unseen,depth,mid_level-mid_level,f1,3,3,fusion,baseline,0.0125925529551712,3,0.0280477535293913,0.0528723886080654,0.0367830764135275,0.0392344061836614,0.0005475453751788,0.077921266992144,0.008991397456149,0.0487137615390478,3,2,0.95,exploratory_corrected_drug_holdout,ok_approximate_cv,0.0487137615390478,none,pointwise,False,depth_pointwise_post_results_v1,post_results
biological_only,seen_unseen,depth,mid_level-mid_level,f1,3,3,fusion,topo_only,0.022039406988057,3,0.1013046654647755,0.1451329837665754,0.1191549265752793,0.1218641919355434,0.0541546914487246,0.1895736924223623,0.0157366872811974,0.016269492510176,3,2,0.95,exploratory_corrected_drug_holdout,ok_approximate_cv,0.016269492510176,none,pointwise,False,depth_pointwise_post_results_v1,post_results
biological_only,seen_unseen,depth,mid_level-mid_level,prec,3,3,fusion,baseline,0.0107302524076991,3,0.0296012449801036,0.0499792582708041,0.0456184057879501,0.0417329696796193,0.0087674715146052,0.0746984678446334,0.0076616683325363,0.0320909229715357,3,2,0.95,exploratory_corrected_drug_holdout,ok_approximate_cv,0.0320909229715357,none,pointwise,False,depth_pointwise_post_results_v1,post_results
biological_only,seen_unseen,depth,mid_level-mid_level,prec,3,3,fusion,topo_only,0.0702352805457411,3,-0.0240286927666503,0.1155795935817799,0.0592338562254136,0.050261585680181,-0.1655153526412871,0.2660385240016493,0.0501497452565052,0.4217923102572298,3,2,0.95,exploratory_corrected_drug_holdout,ok_approximate_cv,0.4217923102572298,none,pointwise,False,depth_pointwise_post_results_v1,post_results
biological_only,seen_unseen,depth,mid_level-mid_level,rec,3,3,fusion,baseline,0.0162142783065226,3,0.0313479623824453,0.0533333333333333,0.0216962524654832,0.0354591827270872,-0.0143543483485824,0.085272713802757,0.0115773998519252,0.0921101780491704,3,2,0.95,exploratory_corrected_drug_holdout,ok_approximate_cv,0.0921101780491704,none,pointwise,False,depth_pointwise_post_results_v1,post_results
biological_only,seen_unseen,depth,mid_level-mid_level,rec,3,3,fusion,topo_only,0.0341994877544555,3,0.2528735632183907,0.1882352941176469,0.2011834319526627,0.2140974297629001,0.109029710199752,0.3191651493260482,0.0244192887885163,0.0127605073300503,3,2,0.95,exploratory_corrected_drug_holdout,ok_approximate_cv,0.0127605073300503,none,pointwise,False,depth_pointwise_post_results_v1,post_results
