analysis_arm,scenario,group_kind,category,metric,n_holdouts,n_training_seeds,model,estimate,sd_across_holdouts,mean_within_holdout_seed_sd,n_supported_holdouts,interval_kind,aggregation,split_00,split_01,split_02
biological_only,seen_unseen,depth,deep_level-deep_level,acc,3,3,baseline,0.8160101010101011,0.0328184522965621,0.0381091992174336,3,between_holdout_sample_sd,mean_of_seed_averaged_holdouts,0.7916666666666666,0.8533333333333334,0.8030303030303031
biological_only,seen_unseen,depth,deep_level-deep_level,acc,3,3,topo_only,0.6935930735930734,0.0032545361262705,0.0341465314346356,3,between_holdout_sample_sd,mean_of_seed_averaged_holdouts,0.6904761904761904,0.6933333333333334,0.6969696969696969
biological_only,seen_unseen,depth,deep_level-deep_level,acc,3,3,fusion,0.8378138528138527,0.0861052917557454,0.0587368565295589,3,between_holdout_sample_sd,mean_of_seed_averaged_holdouts,0.7440476190476191,0.9133333333333332,0.8560606060606061
biological_only,seen_unseen,depth,deep_level-deep_level,ap,3,3,baseline,0.9748169279625558,0.0064285679908211,0.0050884215479332,3,between_holdout_sample_sd,mean_of_seed_averaged_holdouts,0.9683353067819632,0.9749243814767948,0.9811910956289096
biological_only,seen_unseen,depth,deep_level-deep_level,ap,3,3,topo_only,0.804337172548632,0.0170916179360604,0.0136004930072567,3,between_holdout_sample_sd,mean_of_seed_averaged_holdouts,0.807750790947319,0.8194643709156217,0.7857963557829549
biological_only,seen_unseen,depth,deep_level-deep_level,ap,3,3,fusion,0.9794038914017552,0.0110628351047799,0.007896590952425,3,between_holdout_sample_sd,mean_of_seed_averaged_holdouts,0.973103516882274,0.9921777620125446,0.9729303953104468
biological_only,seen_unseen,depth,deep_level-deep_level,auc,3,3,baseline,0.9702829725829724,0.0081643890074622,0.0088092164223605,3,between_holdout_sample_sd,mean_of_seed_averaged_holdouts,0.9613095238095236,0.9722666666666668,0.9772727272727272
biological_only,seen_unseen,depth,deep_level-deep_level,auc,3,3,topo_only,0.7942282640880043,0.0150800756402547,0.0200599974375266,3,between_holdout_sample_sd,mean_of_seed_averaged_holdouts,0.7891156462585034,0.8112,0.7823691460055097
biological_only,seen_unseen,depth,deep_level-deep_level,auc,3,3,fusion,0.9763875583291168,0.014063842245399,0.0089368622818882,3,between_holdout_sample_sd,mean_of_seed_averaged_holdouts,0.9647108843537416,0.992,0.9724517906336088
biological_only,seen_unseen,depth,deep_level-deep_level,f1,3,3,baseline,0.8426548969316574,0.024933064665288,0.0275220312071336,3,between_holdout_sample_sd,mean_of_seed_averaged_holdouts,0.8228789592760181,0.8706630735668847,0.8344226579520697
biological_only,seen_unseen,depth,deep_level-deep_level,f1,3,3,topo_only,0.7019944446350793,0.0269626088657523,0.0345077514514071,3,between_holdout_sample_sd,mean_of_seed_averaged_holdouts,0.7296877985402576,0.6758274231678487,0.7004681121971315
biological_only,seen_unseen,depth,deep_level-deep_level,f1,3,3,fusion,0.8631927933321446,0.0643752762205621,0.0420806494688688,3,between_holdout_sample_sd,mean_of_seed_averaged_holdouts,0.7936634113104701,0.920726431732721,0.8751885369532428
biological_only,seen_unseen,depth,deep_level-deep_level,prec,3,3,baseline,0.7407829851795369,0.033769042254946,0.0397201362888489,3,between_holdout_sample_sd,mean_of_seed_averaged_holdouts,0.7182432432432432,0.7796085858585858,0.7244971264367815
biological_only,seen_unseen,depth,deep_level-deep_level,prec,3,3,topo_only,0.6854493093051445,0.0332657914979612,0.0308476531967449,3,between_holdout_sample_sd,mean_of_seed_averaged_holdouts,0.6500567553199131,0.7160737812911725,0.6902173913043478
biological_only,seen_unseen,depth,deep_level-deep_level,prec,3,3,fusion,0.7703189648430738,0.0883471281061461,0.0650880265094919,3,between_holdout_sample_sd,mean_of_seed_averaged_holdouts,0.6777950310559007,0.8537925737592035,0.7793692897141172
biological_only,seen_unseen,depth,deep_level-deep_level,rec,3,3,baseline,0.9786002886002888,0.0124300733962674,0.0164457349405529,3,between_holdout_sample_sd,mean_of_seed_averaged_holdouts,0.9642857142857144,0.9866666666666668,0.9848484848484848
biological_only,seen_unseen,depth,deep_level-deep_level,rec,3,3,topo_only,0.7284848484848485,0.0976999022042777,0.0433508725153821,3,between_holdout_sample_sd,mean_of_seed_averaged_holdouts,0.8333333333333334,0.64,0.7121212121212123
biological_only,seen_unseen,depth,deep_level-deep_level,rec,3,3,fusion,0.988095238095238,0.020619652471058,0.0,3,between_holdout_sample_sd,mean_of_seed_averaged_holdouts,0.9642857142857144,1.0,1.0
biological_only,seen_unseen,depth,low_level-deep_level,acc,3,3,baseline,0.804921582827614,0.0097311638031294,0.0267221464499645,3,between_holdout_sample_sd,mean_of_seed_averaged_holdouts,0.7937158469945356,0.8112449799196787,0.8098039215686276
biological_only,seen_unseen,depth,low_level-deep_level,acc,3,3,topo_only,0.7274372320526078,0.0082319705508265,0.0175334048321743,3,between_holdout_sample_sd,mean_of_seed_averaged_holdouts,0.7281420765027322,0.7188755020080322,0.7352941176470589
biological_only,seen_unseen,depth,low_level-deep_level,acc,3,3,fusion,0.8435174319909016,0.040685649910723,0.0263957464617741,3,between_holdout_sample_sd,mean_of_seed_averaged_holdouts,0.8469945355191256,0.8012048192771085,0.8823529411764706
biological_only,seen_unseen,depth,low_level-deep_level,ap,3,3,baseline,0.9275457600619692,0.0166738455731359,0.0098694259674442,3,between_holdout_sample_sd,mean_of_seed_averaged_holdouts,0.946443208707864,0.9149061185975697,0.921287952880474
biological_only,seen_unseen,depth,low_level-deep_level,ap,3,3,topo_only,0.8435414844549385,0.0249909229296275,0.0123463196338161,3,between_holdout_sample_sd,mean_of_seed_averaged_holdouts,0.8568593177149966,0.8147122562164194,0.8590528794333996
biological_only,seen_unseen,depth,low_level-deep_level,ap,3,3,fusion,0.9469416766443816,0.0441725200995044,0.0181152026132901,3,between_holdout_sample_sd,mean_of_seed_averaged_holdouts,0.978631326463729,0.8964841936066983,0.965709509862718
biological_only,seen_unseen,depth,low_level-deep_level,auc,3,3,baseline,0.9233331213582024,0.0137331312377529,0.0086786000817253,3,between_holdout_sample_sd,mean_of_seed_averaged_holdouts,0.938211054376064,0.9206464411864324,0.9111418685121108
biological_only,seen_unseen,depth,low_level-deep_level,auc,3,3,topo_only,0.8117152583228725,0.0253758939134483,0.0183558692903026,3,between_holdout_sample_sd,mean_of_seed_averaged_holdouts,0.8127407506942578,0.7858421638360671,0.8365628604382929
biological_only,seen_unseen,depth,low_level-deep_level,auc,3,3,fusion,0.9454402684134018,0.0364489726308854,0.0106570667086073,3,between_holdout_sample_sd,mean_of_seed_averaged_holdouts,0.9722072919466092,0.9039289688875984,0.9601845444059977
biological_only,seen_unseen,depth,low_level-deep_level,f1,3,3,baseline,0.8269366638258476,0.0087486261835464,0.0195263564938814,3,between_holdout_sample_sd,mean_of_seed_averaged_holdouts,0.8178314795703857,0.8352787380890425,0.8276997738181149
biological_only,seen_unseen,depth,low_level-deep_level,f1,3,3,topo_only,0.7081530019369472,0.017030296123712,0.0151467996663845,3,between_holdout_sample_sd,mean_of_seed_averaged_holdouts,0.7186903911544151,0.6885053797805476,0.7172632348758786
biological_only,seen_unseen,depth,low_level-deep_level,f1,3,3,fusion,0.858070771233206,0.0305783122949148,0.0223991973563558,3,between_holdout_sample_sd,mean_of_seed_averaged_holdouts,0.8631282099024035,0.8252790395173882,0.8858050642798264
biological_only,seen_unseen,depth,low_level-deep_level,prec,3,3,baseline,0.7453941182918592,0.0111554974542247,0.0326611968859454,3,between_holdout_sample_sd,mean_of_seed_averaged_holdouts,0.7344472079441404,0.744988033617187,0.7567471133142502
biological_only,seen_unseen,depth,low_level-deep_level,prec,3,3,topo_only,0.7634059206739049,0.0153732173666685,0.0284337587458202,3,between_holdout_sample_sd,mean_of_seed_averaged_holdouts,0.7457134351670359,0.7710000533504054,0.7735042735042735
biological_only,seen_unseen,depth,low_level-deep_level,prec,3,3,fusion,0.7946394999825976,0.0651589202077463,0.0344819438269986,3,between_holdout_sample_sd,mean_of_seed_averaged_holdouts,0.7834568185819406,0.7357956359408133,0.864666045425039
biological_only,seen_unseen,depth,low_level-deep_level,rec,3,3,baseline,0.9296766622904348,0.0197786094949264,0.0115838190349983,3,between_holdout_sample_sd,mean_of_seed_averaged_holdouts,0.9234972677595628,0.9518072289156626,0.9137254901960784
biological_only,seen_unseen,depth,low_level-deep_level,rec,3,3,topo_only,0.6623557553905756,0.0364535460494533,0.0206390948290894,3,between_holdout_sample_sd,mean_of_seed_averaged_holdouts,0.6939890710382514,0.6224899598393575,0.6705882352941176
biological_only,seen_unseen,depth,low_level-deep_level,rec,3,3,fusion,0.9371038638643292,0.0260739475175987,0.0234947171442375,3,between_holdout_sample_sd,mean_of_seed_averaged_holdouts,0.9617486338797816,0.9397590361445785,0.9098039215686274
biological_only,seen_unseen,depth,low_level-low_level,acc,3,3,baseline,0.7674049866860324,0.1090819679277263,0.013770453194796,3,between_holdout_sample_sd,mean_of_seed_averaged_holdouts,0.7833333333333333,0.6512345679012346,0.8676470588235294
biological_only,seen_unseen,depth,low_level-low_level,acc,3,3,topo_only,0.7883756959573952,0.0165288216867204,0.0372840873210745,3,between_holdout_sample_sd,mean_of_seed_averaged_holdouts,0.8066666666666666,0.7839506172839507,0.7745098039215685
biological_only,seen_unseen,depth,low_level-low_level,acc,3,3,fusion,0.8518131203098523,0.1593147854867662,0.0235794807884049,3,between_holdout_sample_sd,mean_of_seed_averaged_holdouts,0.92,0.6697530864197532,0.965686274509804
biological_only,seen_unseen,depth,low_level-low_level,ap,3,3,baseline,0.879387582453262,0.0708964779637653,0.0066364986071604,3,between_holdout_sample_sd,mean_of_seed_averaged_holdouts,0.9040157800952008,0.799461358252677,0.934685609011908
biological_only,seen_unseen,depth,low_level-low_level,ap,3,3,topo_only,0.8955120857040181,0.0105427484745982,0.0146773317709107,3,between_holdout_sample_sd,mean_of_seed_averaged_holdouts,0.8845632089181659,0.8963777153305911,0.9055953328632974
biological_only,seen_unseen,depth,low_level-low_level,ap,3,3,fusion,0.9541680647929168,0.0466575305556948,0.0133878776539345,3,between_holdout_sample_sd,mean_of_seed_averaged_holdouts,0.9799793862941312,0.9003080768066399,0.9822167312779791
biological_only,seen_unseen,depth,low_level-low_level,auc,3,3,baseline,0.8552812089261859,0.0814248202853195,0.0049968642867413,3,between_holdout_sample_sd,mean_of_seed_averaged_holdouts,0.8921333333333333,0.7619455875628716,0.9117647058823528
biological_only,seen_unseen,depth,low_level-low_level,auc,3,3,topo_only,0.8439852938275826,0.0222319971172485,0.0285822434628947,3,between_holdout_sample_sd,mean_of_seed_averaged_holdouts,0.8184,0.8585962505715593,0.8549596309111881
biological_only,seen_unseen,depth,low_level-low_level,auc,3,3,fusion,0.9405883731539364,0.0561376488547159,0.0106568177072457,3,between_holdout_sample_sd,mean_of_seed_averaged_holdouts,0.9748,0.8758001828989483,0.9711649365628604
biological_only,seen_unseen,depth,low_level-low_level,f1,3,3,baseline,0.7826610972384787,0.0873536419569285,0.0113420780811115,3,between_holdout_sample_sd,mean_of_seed_averaged_holdouts,0.8024473071202043,0.6871114794861168,0.8584245051091148
biological_only,seen_unseen,depth,low_level-low_level,f1,3,3,topo_only,0.7773431709275734,0.0158768357077925,0.0345563567518999,3,between_holdout_sample_sd,mean_of_seed_averaged_holdouts,0.794578853046595,0.763314936304627,0.7741357234314981
biological_only,seen_unseen,depth,low_level-low_level,f1,3,3,fusion,0.8735755681662517,0.1228381494828128,0.0161364177389754,3,between_holdout_sample_sd,mean_of_seed_averaged_holdouts,0.9221304505357184,0.7338813668600902,0.9647148871029468
biological_only,seen_unseen,depth,low_level-low_level,prec,3,3,baseline,0.7624060757354485,0.1510635007407907,0.0316732114998202,3,between_holdout_sample_sd,mean_of_seed_averaged_holdouts,0.7378007861183012,0.6251556662515566,0.9242617748364874
biological_only,seen_unseen,depth,low_level-low_level,prec,3,3,topo_only,0.8262387843800182,0.0349532978546259,0.047281405061877,3,between_holdout_sample_sd,mean_of_seed_averaged_holdouts,0.8495112908661948,0.8431599445755159,0.7860451176983435
biological_only,seen_unseen,depth,low_level-low_level,prec,3,3,fusion,0.8353903732665517,0.1943471482372492,0.0250585726867097,3,between_holdout_sample_sd,mean_of_seed_averaged_holdouts,0.8990833230566859,0.6171888068439793,0.98989898989899
biological_only,seen_unseen,depth,low_level-low_level,rec,3,3,baseline,0.8164512224642942,0.058302617156323,0.0358979664340948,3,between_holdout_sample_sd,mean_of_seed_averaged_holdouts,0.88,0.765432098765432,0.8039215686274509
biological_only,seen_unseen,depth,low_level-low_level,rec,3,3,topo_only,0.7363011377390462,0.0347664192649592,0.0230820914598419,3,between_holdout_sample_sd,mean_of_seed_averaged_holdouts,0.7466666666666667,0.6975308641975309,0.7647058823529411
biological_only,seen_unseen,depth,low_level-low_level,rec,3,3,fusion,0.931750181554103,0.0212594344495022,0.0198257628693978,3,between_holdout_sample_sd,mean_of_seed_averaged_holdouts,0.9466666666666668,0.9074074074074074,0.9411764705882352
biological_only,seen_unseen,depth,low_level-mid_level,acc,3,3,baseline,0.7651237341637193,0.0214869947815454,0.0203221138901888,3,between_holdout_sample_sd,mean_of_seed_averaged_holdouts,0.77491961414791,0.7404844290657439,0.7799671592775042
biological_only,seen_unseen,depth,low_level-mid_level,acc,3,3,topo_only,0.7351164080701992,0.0215008591339095,0.0166296892283583,3,between_holdout_sample_sd,mean_of_seed_averaged_holdouts,0.759914255091104,0.7237600922722031,0.7216748768472906
biological_only,seen_unseen,depth,low_level-mid_level,acc,3,3,fusion,0.8364695969372141,0.0513395621650367,0.0158527041244366,3,between_holdout_sample_sd,mean_of_seed_averaged_holdouts,0.8617363344051446,0.7773933102652825,0.8702791461412152
biological_only,seen_unseen,depth,low_level-mid_level,ap,3,3,baseline,0.8878609397498235,0.0219053049088741,0.009585421737258,3,between_holdout_sample_sd,mean_of_seed_averaged_holdouts,0.9062829465536528,0.8636394522737526,0.8936604204220652
biological_only,seen_unseen,depth,low_level-mid_level,ap,3,3,topo_only,0.8509522583658568,0.0191135356430794,0.0070042919291782,3,between_holdout_sample_sd,mean_of_seed_averaged_holdouts,0.8680893311116762,0.8303393125820362,0.854428131403858
biological_only,seen_unseen,depth,low_level-mid_level,ap,3,3,fusion,0.9439536032917905,0.0314327887547726,0.0154773035129588,3,between_holdout_sample_sd,mean_of_seed_averaged_holdouts,0.9621395873147964,0.907658172092994,0.9620630504675806
biological_only,seen_unseen,depth,low_level-mid_level,auc,3,3,baseline,0.8732676091776442,0.0210247779063275,0.0090500315243669,3,between_holdout_sample_sd,mean_of_seed_averaged_holdouts,0.8940974555680773,0.8520531762470914,0.873652195717764
biological_only,seen_unseen,depth,low_level-mid_level,auc,3,3,topo_only,0.8137300158785007,0.0083613580198227,0.0112518758654096,3,between_holdout_sample_sd,mean_of_seed_averaged_holdouts,0.8225376770987342,0.8059011106987066,0.8127512598380612
biological_only,seen_unseen,depth,low_level-mid_level,auc,3,3,fusion,0.9357990087721516,0.0303556665055913,0.0107360759938912,3,between_holdout_sample_sd,mean_of_seed_averaged_holdouts,0.9516444205498288,0.9007993997517588,0.9549532060148674
biological_only,seen_unseen,depth,low_level-mid_level,f1,3,3,baseline,0.7882839372882029,0.014558172488239,0.0135057295028004,3,between_holdout_sample_sd,mean_of_seed_averaged_holdouts,0.8014918126780702,0.7726742010744468,0.7906857981120917
biological_only,seen_unseen,depth,low_level-mid_level,f1,3,3,topo_only,0.7186475578302978,0.0194604261495224,0.0112964639674173,3,between_holdout_sample_sd,mean_of_seed_averaged_holdouts,0.7408383547121998,0.7044887321859287,0.7106155865927648
biological_only,seen_unseen,depth,low_level-mid_level,f1,3,3,fusion,0.850120511721021,0.0400437883792402,0.0106982113919836,3,between_holdout_sample_sd,mean_of_seed_averaged_holdouts,0.869069720320926,0.8041191965393132,0.8771726183028239
biological_only,seen_unseen,depth,low_level-mid_level,prec,3,3,baseline,0.7204514108978497,0.0329300720638214,0.0241336726808619,3,between_holdout_sample_sd,mean_of_seed_averaged_holdouts,0.718581614720777,0.6884960742225443,0.7542765437502279
biological_only,seen_unseen,depth,low_level-mid_level,prec,3,3,topo_only,0.7698819795784492,0.0319433723057425,0.0334249423524261,3,between_holdout_sample_sd,mean_of_seed_averaged_holdouts,0.8061940512199519,0.7573343413978494,0.7461175461175461
biological_only,seen_unseen,depth,low_level-mid_level,prec,3,3,fusion,0.7946754506569338,0.0661362836727726,0.033289307343783,3,between_holdout_sample_sd,mean_of_seed_averaged_holdouts,0.8301587758625738,0.7183700770864118,0.835497499021816
biological_only,seen_unseen,depth,low_level-mid_level,rec,3,3,baseline,0.8729407431202296,0.0386093289643128,0.0082952094825494,3,between_holdout_sample_sd,mean_of_seed_averaged_holdouts,0.9067524115755626,0.881199538638985,0.8308702791461412
biological_only,seen_unseen,depth,low_level-mid_level,rec,3,3,topo_only,0.6753323706207871,0.0146715156016703,0.0165403639760703,3,between_holdout_sample_sd,mean_of_seed_averaged_holdouts,0.6859592711682744,0.6585928489042676,0.6814449917898194
biological_only,seen_unseen,depth,low_level-mid_level,rec,3,3,fusion,0.9174054130173296,0.0061267451320963,0.0193611110276878,3,between_holdout_sample_sd,mean_of_seed_averaged_holdouts,0.9142550911039656,0.9134948096885814,0.9244663382594416
biological_only,seen_unseen,depth,mid_level-deep_level,acc,3,3,baseline,0.8116670423617296,0.0230088475573171,0.0134267193929721,3,between_holdout_sample_sd,mean_of_seed_averaged_holdouts,0.8376068376068376,0.7937219730941704,0.8036723163841808
biological_only,seen_unseen,depth,mid_level-deep_level,acc,3,3,topo_only,0.699243696244659,0.0444178784007131,0.0108684313428576,3,between_holdout_sample_sd,mean_of_seed_averaged_holdouts,0.7321937321937323,0.6487294469357249,0.7168079096045198
biological_only,seen_unseen,depth,mid_level-deep_level,acc,3,3,fusion,0.8227515083561294,0.0311264333149028,0.0417823498796554,3,between_holdout_sample_sd,mean_of_seed_averaged_holdouts,0.797008547008547,0.8139013452914798,0.8573446327683616
biological_only,seen_unseen,depth,mid_level-deep_level,ap,3,3,baseline,0.917453121652649,0.0312785570826721,0.0069387563644289,3,between_holdout_sample_sd,mean_of_seed_averaged_holdouts,0.946684253834018,0.8844662786134103,0.9212088325105188
biological_only,seen_unseen,depth,mid_level-deep_level,ap,3,3,topo_only,0.7869006852157695,0.066324480110301,0.0082364712374856,3,between_holdout_sample_sd,mean_of_seed_averaged_holdouts,0.8312247676865198,0.7106510442301159,0.8188262437306726
biological_only,seen_unseen,depth,mid_level-deep_level,ap,3,3,fusion,0.9455652660399856,0.0190008828096463,0.0086280073546139,3,between_holdout_sample_sd,mean_of_seed_averaged_holdouts,0.9523608593887156,0.924100967744528,0.960233970986713
biological_only,seen_unseen,depth,mid_level-deep_level,auc,3,3,baseline,0.9229930301399648,0.0254193840602745,0.0068289892209633,3,between_holdout_sample_sd,mean_of_seed_averaged_holdouts,0.9442435532179122,0.894833329981835,0.9299022072201476
biological_only,seen_unseen,depth,mid_level-deep_level,auc,3,3,topo_only,0.7783941203929733,0.0583442012223782,0.0080166078898225,3,between_holdout_sample_sd,mean_of_seed_averaged_holdouts,0.8183882436019188,0.7114460375233765,0.8053480800536245
biological_only,seen_unseen,depth,mid_level-deep_level,auc,3,3,fusion,0.9455168809802986,0.0183810863638204,0.0104648106421792,3,between_holdout_sample_sd,mean_of_seed_averaged_holdouts,0.947336060583924,0.9262938459785368,0.9629207363784352
biological_only,seen_unseen,depth,mid_level-deep_level,f1,3,3,baseline,0.8358923260281488,0.0182945780436203,0.0088525262935074,3,between_holdout_sample_sd,mean_of_seed_averaged_holdouts,0.8557472651979786,0.8197176467688364,0.8322120661176315
biological_only,seen_unseen,depth,mid_level-deep_level,f1,3,3,topo_only,0.7013470854799951,0.0360620288577439,0.0079010650793184,3,between_holdout_sample_sd,mean_of_seed_averaged_holdouts,0.718862585061656,0.6598727438565732,0.725305927521756
biological_only,seen_unseen,depth,mid_level-deep_level,f1,3,3,fusion,0.8452491313430542,0.0251350877226283,0.0301073298327972,3,between_holdout_sample_sd,mean_of_seed_averaged_holdouts,0.8273097042323517,0.8344601670319828,0.8739775227648283
biological_only,seen_unseen,depth,mid_level-deep_level,prec,3,3,baseline,0.7420384516166436,0.0242765790688584,0.0175029542179803,3,between_holdout_sample_sd,mean_of_seed_averaged_holdouts,0.7700473245072134,0.7290237478809667,0.7270442824617508
biological_only,seen_unseen,depth,mid_level-deep_level,prec,3,3,topo_only,0.701276994926885,0.0592404018691892,0.0221757978975614,3,between_holdout_sample_sd,mean_of_seed_averaged_holdouts,0.7576310807441419,0.6395203753026549,0.7066795287338582
biological_only,seen_unseen,depth,mid_level-deep_level,prec,3,3,fusion,0.7577654897070186,0.0325015291766981,0.0533529980908866,3,between_holdout_sample_sd,mean_of_seed_averaged_holdouts,0.7283862797101657,0.7522314473144732,0.7926787420964173
biological_only,seen_unseen,depth,mid_level-deep_level,rec,3,3,baseline,0.9577821785708588,0.0185236381868849,0.0104652699049153,3,between_holdout_sample_sd,mean_of_seed_averaged_holdouts,0.9629629629629628,0.937219730941704,0.9731638418079096
biological_only,seen_unseen,depth,mid_level-deep_level,rec,3,3,topo_only,0.7046582254013026,0.0368639907754678,0.0253781787182743,3,between_holdout_sample_sd,mean_of_seed_averaged_holdouts,0.6851851851851851,0.6816143497757848,0.7471751412429378
biological_only,seen_unseen,depth,mid_level-deep_level,rec,3,3,fusion,0.9587197741412228,0.0202384523968102,0.0121376513696369,3,between_holdout_sample_sd,mean_of_seed_averaged_holdouts,0.9615384615384612,0.937219730941704,0.9774011299435028
biological_only,seen_unseen,depth,mid_level-mid_level,acc,3,3,baseline,0.7506108312380743,0.0147167210373481,0.0182329073173495,3,between_holdout_sample_sd,mean_of_seed_averaged_holdouts,0.7607105538140021,0.7337254901960785,0.757396449704142
biological_only,seen_unseen,depth,mid_level-mid_level,acc,3,3,topo_only,0.6886448046847485,0.0464735223260884,0.0088245731358992,3,between_holdout_sample_sd,mean_of_seed_averaged_holdouts,0.7314524555903867,0.6392156862745098,0.6952662721893491
biological_only,seen_unseen,depth,mid_level-mid_level,acc,3,3,fusion,0.7974596026881876,0.0068766730604386,0.0341960023940588,3,between_holdout_sample_sd,mean_of_seed_averaged_holdouts,0.790491118077325,0.7976470588235295,0.804240631163708
biological_only,seen_unseen,depth,mid_level-mid_level,ap,3,3,baseline,0.8794109691037075,0.0062509768073833,0.0093100472652688,3,between_holdout_sample_sd,mean_of_seed_averaged_holdouts,0.8810936619460427,0.8724908794205483,0.8846483659445318
biological_only,seen_unseen,depth,mid_level-mid_level,ap,3,3,topo_only,0.7887061627927916,0.0787201834010114,0.0085758321789816,3,between_holdout_sample_sd,mean_of_seed_averaged_holdouts,0.8412334416635692,0.6981966596344162,0.8266883870803893
biological_only,seen_unseen,depth,mid_level-mid_level,ap,3,3,fusion,0.9332716857391956,0.006027846310043,0.0123281086652565,3,between_holdout_sample_sd,mean_of_seed_averaged_holdouts,0.9359829234513024,0.926364326283219,0.9374678074830656
biological_only,seen_unseen,depth,mid_level-mid_level,auc,3,3,baseline,0.8754877746080026,0.0101142120481543,0.010821075249331,3,between_holdout_sample_sd,mean_of_seed_averaged_holdouts,0.8759593557453248,0.8651460207612457,0.8853579473174374
biological_only,seen_unseen,depth,mid_level-mid_level,auc,3,3,topo_only,0.7681596813495126,0.0668662080991319,0.0080297572187012,3,between_holdout_sample_sd,mean_of_seed_averaged_holdouts,0.8169829305922702,0.6919474048442907,0.7955487086119767
biological_only,seen_unseen,depth,mid_level-mid_level,auc,3,3,fusion,0.9285669706796532,0.0038843663622334,0.0130051405231507,3,between_holdout_sample_sd,mean_of_seed_averaged_holdouts,0.9258327519056088,0.9268549019607843,0.9330132581725662
biological_only,seen_unseen,depth,mid_level-mid_level,f1,3,3,baseline,0.7854162316033895,0.0112427663657729,0.0117227189210366,3,between_holdout_sample_sd,mean_of_seed_averaged_holdouts,0.7907791301936777,0.7724961649900686,0.792973399626422
biological_only,seen_unseen,depth,mid_level-mid_level,f1,3,3,topo_only,0.7027864458515074,0.0198338201335014,0.0109891604511566,3,between_holdout_sample_sd,mean_of_seed_averaged_holdouts,0.7175222182582935,0.6802355698315585,0.7106015494646701
biological_only,seen_unseen,depth,mid_level-mid_level,f1,3,3,fusion,0.8246506377870508,0.00550004994406,0.0230713315054145,3,between_holdout_sample_sd,mean_of_seed_averaged_holdouts,0.8188268837230691,0.825368553598134,0.8297564760399495
biological_only,seen_unseen,depth,mid_level-mid_level,prec,3,3,baseline,0.6903754091395732,0.0134904653485882,0.0213962325372065,3,between_holdout_sample_sd,mean_of_seed_averaged_holdouts,0.7031358273523445,0.6762575356182726,0.6917328644481023
biological_only,seen_unseen,depth,mid_level-mid_level,prec,3,3,topo_only,0.6818467931390114,0.0731256410426081,0.0137335722420987,3,between_holdout_sample_sd,mean_of_seed_averaged_holdouts,0.7567657650990984,0.6106572003072969,0.6781174140106389
biological_only,seen_unseen,depth,mid_level-mid_level,prec,3,3,fusion,0.7321083788191926,0.0055838461446459,0.0466799961602916,3,between_holdout_sample_sd,mean_of_seed_averaged_holdouts,0.7327370723324481,0.7262367938890768,0.7373512702360525
biological_only,seen_unseen,depth,mid_level-mid_level,rec,3,3,baseline,0.911868476524429,0.014841800378007,0.017159646509228,3,between_holdout_sample_sd,mean_of_seed_averaged_holdouts,0.9038662486938348,0.9027450980392157,0.9289940828402368
biological_only,seen_unseen,depth,mid_level-mid_level,rec,3,3,topo_only,0.7332302294886163,0.0450151808542251,0.0306948271331315,3,between_holdout_sample_sd,mean_of_seed_averaged_holdouts,0.6823406478578894,0.767843137254902,0.7495069033530571
biological_only,seen_unseen,depth,mid_level-mid_level,rec,3,3,fusion,0.9473276592515164,0.0108309563209785,0.02370287740902,3,between_holdout_sample_sd,mean_of_seed_averaged_holdouts,0.93521421107628,0.956078431372549,0.95069033530572
biological_only,seen_unseen,overall,overall,acc,3,3,baseline,0.7746500125360235,0.0195058009868575,0.0138320992615297,3,between_holdout_sample_sd,mean_of_seed_averaged_holdouts,0.787437343358396,0.7521989687594783,0.7843137254901961
biological_only,seen_unseen,overall,overall,acc,3,3,topo_only,0.711024895445901,0.0321987024171775,0.0068139821796417,3,between_holdout_sample_sd,mean_of_seed_averaged_holdouts,0.7420112781954887,0.6777373369730056,0.7133260711692085
biological_only,seen_unseen,overall,overall,acc,3,3,fusion,0.8210922450826844,0.0274802907402357,0.028791427166651,3,between_holdout_sample_sd,mean_of_seed_averaged_holdouts,0.8240914786967418,0.7922353654837732,0.846949891067538
biological_only,seen_unseen,overall,overall,ap,3,3,baseline,0.8967457492368971,0.0207440575574654,0.0049365686000135,3,between_holdout_sample_sd,mean_of_seed_averaged_holdouts,0.9150733541488786,0.874225671192623,0.9009382223691896
biological_only,seen_unseen,overall,overall,ap,3,3,topo_only,0.8185001293529869,0.0479254627228984,0.0061798434602975,3,between_holdout_sample_sd,mean_of_seed_averaged_holdouts,0.8528987511345836,0.7637588274141777,0.8388428095101993
biological_only,seen_unseen,overall,overall,ap,3,3,fusion,0.9412172805830806,0.0236934257665244,0.0118111968699006,3,between_holdout_sample_sd,mean_of_seed_averaged_holdouts,0.9555137039077998,0.9138678898797806,0.9542702479616612
biological_only,seen_unseen,overall,overall,auc,3,3,baseline,0.8918996184715068,0.0189675778231346,0.0049026719235432,3,between_holdout_sample_sd,mean_of_seed_averaged_holdouts,0.9076025060301128,0.870825712734686,0.8972706366497215
biological_only,seen_unseen,overall,overall,auc,3,3,topo_only,0.793395348850566,0.0376708470502068,0.0056729562864282,3,between_holdout_sample_sd,mean_of_seed_averaged_holdouts,0.8205043270770913,0.7503803744711809,0.8093013450034254
biological_only,seen_unseen,overall,overall,auc,3,3,fusion,0.9369974692421617,0.0206155147128491,0.0084924130217563,3,between_holdout_sample_sd,mean_of_seed_averaged_holdouts,0.9467864621610416,0.9133111884049332,0.9508947571605096
biological_only,seen_unseen,overall,overall,f1,3,3,baseline,0.8021406600294774,0.0151066625410724,0.0086030518072632,3,between_holdout_sample_sd,mean_of_seed_averaged_holdouts,0.8125425988667433,0.7848128194377356,0.8090665617839531
biological_only,seen_unseen,overall,overall,f1,3,3,topo_only,0.7105181029904329,0.0219479871343726,0.0018877955586422,3,between_holdout_sample_sd,mean_of_seed_averaged_holdouts,0.7285157535620613,0.6860668484562202,0.7169717069530172
biological_only,seen_unseen,overall,overall,f1,3,3,fusion,0.8412641057326061,0.0214904312773481,0.0206717873716598,3,between_holdout_sample_sd,mean_of_seed_averaged_holdouts,0.8433070359330394,0.8188251603036129,0.8616601209611665
biological_only,seen_unseen,overall,overall,prec,3,3,baseline,0.7160090552997312,0.0184333871837665,0.0169736461799322,3,between_holdout_sample_sd,mean_of_seed_averaged_holdouts,0.7274941428673752,0.6947468679717002,0.7257861550601183
biological_only,seen_unseen,overall,overall,prec,3,3,topo_only,0.7160329917912827,0.0505022582268387,0.018219519679491,3,between_holdout_sample_sd,mean_of_seed_averaged_holdouts,0.7692580379067571,0.6687855726709402,0.7100553647961506
biological_only,seen_unseen,overall,overall,prec,3,3,fusion,0.7615331913964968,0.0324956704485552,0.0427056198632484,3,between_holdout_sample_sd,mean_of_seed_averaged_holdouts,0.767562053563095,0.7264452788427799,0.7905922417836152
biological_only,seen_unseen,overall,overall,rec,3,3,baseline,0.912437162943299,0.0088387779454687,0.0106871465335375,3,between_holdout_sample_sd,mean_of_seed_averaged_holdouts,0.9204260651629074,0.902942068547164,0.9139433551198256
biological_only,seen_unseen,overall,overall,rec,3,3,topo_only,0.7076163057732913,0.0171755320391759,0.0181573258895223,3,between_holdout_sample_sd,mean_of_seed_averaged_holdouts,0.6923558897243107,0.7042766151046406,0.7262164124909223
biological_only,seen_unseen,overall,overall,rec,3,3,fusion,0.942151225099369,0.0057731899396476,0.0163022608076726,3,between_holdout_sample_sd,mean_of_seed_averaged_holdouts,0.9392230576441102,0.9384288747346072,0.94880174291939
