feature_set,split_repeat,fold,training_seed,inference_protocol,n_outer_train,n_outer_test,pair_bin,auc,f1,ap,mcc
low_level,0,0,42,cv,4494,1124,low-low,0.9866666666666667,0.896551724137931,0.9745543345543346,0.8485552916276634
low_level,0,0,42,cv,4494,1124,low-mid,0.9647619047619047,0.8670520231213873,0.9538778373304578,0.7887799607630386
low_level,0,0,42,cv,4494,1124,low-deep,0.9534883720930233,0.8985507246376812,0.9342770345694176,0.8165105427881921
low_level,0,0,42,cv,4494,1124,mid-mid,0.9549511071147577,0.8947368421052632,0.9607743715196196,0.7920946108701686
low_level,0,0,42,cv,4494,1124,mid-deep,0.9461174242424243,0.8931506849315068,0.963839353924536,0.7250334048404233
low_level,0,0,42,cv,4494,1124,deep-deep,0.9702380952380953,0.9425287356321839,0.9907987111202157,0.7171371656006362
mid_level,0,0,42,cv,4494,1124,low-low,0.9688888888888888,0.896551724137931,0.9574561403508772,0.8485552916276634
mid_level,0,0,42,cv,4494,1124,low-mid,0.9746825396825396,0.88,0.9656360957489616,0.8072708007370617
mid_level,0,0,42,cv,4494,1124,low-deep,0.972640218878249,0.927536231884058,0.967148900431928,0.8690346127921109
mid_level,0,0,42,cv,4494,1124,mid-mid,0.9627065302911094,0.8926829268292683,0.9658045380988751,0.7913004383500056
mid_level,0,0,42,cv,4494,1124,mid-deep,0.9672348484848485,0.9226361031518625,0.9810705803939339,0.8117229651988819
mid_level,0,0,42,cv,4494,1124,deep-deep,0.878968253968254,0.9438202247191011,0.9536591595863383,0.7219948723811555
deep_level,0,0,42,cv,4494,1124,low-low,0.9888888888888889,0.896551724137931,0.9790616246498599,0.8485552916276634
deep_level,0,0,42,cv,4494,1124,low-mid,0.9722222222222223,0.8771929824561403,0.9638591129993604,0.8076783138157423
deep_level,0,0,42,cv,4494,1124,low-deep,0.9582763337893296,0.8955223880597015,0.9497643357815271,0.815378857500334
deep_level,0,0,42,cv,4494,1124,mid-mid,0.9542767224907273,0.8910411622276029,0.9508208936545518,0.786723184176297
deep_level,0,0,42,cv,4494,1124,mid-deep,0.9660037878787878,0.9070422535211268,0.9779092589478255,0.7679976703506314
deep_level,0,0,42,cv,4494,1124,deep-deep,0.9146825396825398,0.9534883720930233,0.9667666588871741,0.777211966942379
low_level,0,1,43,cv,4494,1124,low-low,0.99,0.8571428571428571,0.9769230769230769,0.8081352297940448
low_level,0,1,43,cv,4494,1124,low-mid,0.9514826352832583,0.8599033816425121,0.9487666784342262,0.7736206204900483
low_level,0,1,43,cv,4494,1124,low-deep,0.9883449883449884,0.9393939393939394,0.9861534915291166,0.8881118881118881
low_level,0,1,43,cv,4494,1124,mid-mid,0.9439859206214346,0.8997955010224948,0.9456508742973448,0.7842922419232354
low_level,0,1,43,cv,4494,1124,mid-deep,0.9684606481481481,0.9226190476190477,0.9773370888380652,0.7998968688671384
low_level,0,1,43,cv,4494,1124,deep-deep,0.9894179894179893,0.9523809523809523,0.9955679241393529,0.8412698412698413
mid_level,0,1,43,cv,4494,1124,low-low,0.9866666666666667,0.8181818181818182,0.9669230769230769,0.7559289460184545
mid_level,0,1,43,cv,4494,1124,low-mid,0.970635744779047,0.9295774647887324,0.972369236578569,0.8834519826173314
mid_level,0,1,43,cv,4494,1124,low-deep,0.9875679875679875,0.9705882352941176,0.9835379900647333,0.9457830060354725
mid_level,0,1,43,cv,4494,1124,mid-mid,0.9660759800946717,0.8948453608247423,0.9712365755519835,0.773730378359827
mid_level,0,1,43,cv,4494,1124,mid-deep,0.9735532407407408,0.9244712990936556,0.9820784411931324,0.8059088395692071
mid_level,0,1,43,cv,4494,1124,deep-deep,0.9470899470899471,0.9302325581395349,0.9760659822951905,0.7566444492037344
deep_level,0,1,43,cv,4494,1124,low-low,0.9766666666666666,0.8695652173913043,0.9387412587412588,0.8320502943378437
deep_level,0,1,43,cv,4494,1124,low-mid,0.9752509518864659,0.9181818181818182,0.9750673650755993,0.8625669662544736
deep_level,0,1,43,cv,4494,1124,low-deep,0.9867909867909868,0.9142857142857143,0.983964051170552,0.8388886122329375
deep_level,0,1,43,cv,4494,1124,mid-mid,0.9683618562123235,0.9131313131313131,0.9720833541878834,0.8144932562471483
deep_level,0,1,43,cv,4494,1124,mid-deep,0.9671875,0.9305135951661632,0.975379442687442,0.821738769868573
deep_level,0,1,43,cv,4494,1124,deep-deep,0.9365079365079365,0.9302325581395349,0.9679812099247036,0.7566444492037344
low_level,0,2,44,cv,4494,1124,low-low,0.9886363636363635,0.918918918918919,0.99,0.8648699324175861
low_level,0,2,44,cv,4494,1124,low-mid,0.9644814429413805,0.8829787234042553,0.9530094431612429,0.8116822753034209
low_level,0,2,44,cv,4494,1124,low-deep,0.9672206832871653,0.8533333333333334,0.9530957520254766,0.7578931245202661
low_level,0,2,44,cv,4494,1124,mid-mid,0.9456556082148498,0.8787185354691075,0.949709369042489,0.7500819690693239
low_level,0,2,44,cv,4494,1124,mid-deep,0.9567704647322481,0.9345794392523364,0.9635837748369263,0.83549866145892
low_level,0,2,44,cv,4494,1124,deep-deep,0.9906976744186047,0.9882352941176471,0.9980207817911927,0.9423105963758888
mid_level,0,2,44,cv,4494,1124,low-low,0.9795454545454545,0.95,0.9832142857142859,0.9045454545454545
mid_level,0,2,44,cv,4494,1124,low-mid,0.9671869580298301,0.845771144278607,0.96167196915397,0.7475297355071383
mid_level,0,2,44,cv,4494,1124,low-deep,0.9912280701754386,0.9473684210526315,0.9874191286318605,0.9122807017543859
mid_level,0,2,44,cv,4494,1124,mid-mid,0.9714962762356126,0.8962472406181016,0.9706027620994336,0.7852103106786779
mid_level,0,2,44,cv,4494,1124,mid-deep,0.9639950460014155,0.9333333333333333,0.9612889902844902,0.8308491206964866
mid_level,0,2,44,cv,4494,1124,deep-deep,0.9976744186046512,0.9885057471264368,0.9994714587737844,0.9378408471299672
deep_level,0,2,44,cv,4494,1124,low-low,0.9886363636363635,0.9743589743589743,0.99,0.9532552922349359
deep_level,0,2,44,cv,4494,1124,low-mid,0.971973638570933,0.882051282051282,0.9563649186145822,0.808241637028595
deep_level,0,2,44,cv,4494,1124,low-deep,0.9833795013850416,0.935064935064935,0.9769436760609929,0.8910421112136306
deep_level,0,2,44,cv,4494,1124,mid-mid,0.9615211013315278,0.9027777777777778,0.9537698575838846,0.8013563978739445
deep_level,0,2,44,cv,4494,1124,mid-deep,0.9600141542816701,0.926829268292683,0.9650485844657151,0.8136719202833257
deep_level,0,2,44,cv,4494,1124,deep-deep,0.9744186046511628,0.926829268292683,0.994296216920237,0.6955035510614903
low_level,0,3,45,cv,4495,1123,low-low,0.9563492063492063,0.8333333333333334,0.9347222222222222,0.7380952380952381
low_level,0,3,45,cv,4495,1123,low-mid,0.9517406520537852,0.8901734104046243,0.9253632658144102,0.8397770308516013
low_level,0,3,45,cv,4495,1123,low-deep,0.9634009009009009,0.88,0.9522847540203851,0.7855168518717587
low_level,0,3,45,cv,4495,1123,mid-mid,0.9638409090909091,0.9174311926605505,0.9668397504372095,0.8284885908791229
low_level,0,3,45,cv,4495,1123,mid-deep,0.9667582417582418,0.9405099150141643,0.9806974626910864,0.8383153023634405
low_level,0,3,45,cv,4495,1123,deep-deep,1.0,0.9818181818181818,1.0,0.9091372900969897
mid_level,0,3,45,cv,4495,1123,low-low,0.9761904761904763,0.8461538461538461,0.9654761904761905,0.7531708838213974
mid_level,0,3,45,cv,4495,1123,low-mid,0.9634063977405293,0.8397790055248618,0.9495329107104339,0.7601565562380697
mid_level,0,3,45,cv,4495,1123,low-deep,0.9757882882882883,0.8918918918918919,0.9703559180288708,0.8085585585585585
mid_level,0,3,45,cv,4495,1123,mid-mid,0.9795681818181818,0.9288888888888889,0.9809733623801936,0.8478954967773904
mid_level,0,3,45,cv,4495,1123,mid-deep,0.9775824175824177,0.9473684210526315,0.9850510052799426,0.8543521419283634
mid_level,0,3,45,cv,4495,1123,deep-deep,1.0,1.0,1.0,1.0
deep_level,0,3,45,cv,4495,1123,low-low,0.9880952380952381,0.8571428571428571,0.9811507936507936,0.7791937224739796
deep_level,0,3,45,cv,4495,1123,low-mid,0.9614416405722355,0.8852459016393442,0.9446060364032018,0.8278410163872862
deep_level,0,3,45,cv,4495,1123,low-deep,0.9386261261261262,0.88,0.9278096253145576,0.7855168518717587
deep_level,0,3,45,cv,4495,1123,mid-mid,0.9680227272727272,0.912751677852349,0.9711731850557872,0.8140229079507703
deep_level,0,3,45,cv,4495,1123,mid-deep,0.9798351648351649,0.9553072625698324,0.9865871578143754,0.8771219477285775
deep_level,0,3,45,cv,4495,1123,deep-deep,1.0,1.0,1.0,1.0
low_level,0,4,46,cv,4495,1123,low-low,0.9489795918367346,0.8571428571428571,0.9047087832802116,0.7857142857142857
low_level,0,4,46,cv,4495,1123,low-mid,0.9546012269938651,0.8695652173913043,0.9411488376962072,0.7955504845061818
low_level,0,4,46,cv,4495,1123,low-deep,0.9905517762660621,0.9411764705882353,0.992293262446662,0.8898984166292195
low_level,0,4,46,cv,4495,1123,mid-mid,0.9704830917874396,0.91415313225058,0.9707415110842064,0.8207450859039713
low_level,0,4,46,cv,4495,1123,mid-deep,0.9649436195154628,0.9329446064139941,0.9768611696461584,0.8225129529329217
low_level,0,4,46,cv,4495,1123,deep-deep,0.9666666666666668,0.9310344827586207,0.984403914822634,0.7931367688273783
mid_level,0,4,46,cv,4495,1123,low-low,0.9642857142857144,0.8666666666666667,0.9418643985414171,0.7973815320737668
mid_level,0,4,46,cv,4495,1123,low-mid,0.9668029993183367,0.8817204301075269,0.9586271550639838,0.8141420191277253
mid_level,0,4,46,cv,4495,1123,low-deep,0.9901738473167044,0.954954954954955,0.9931368802665099,0.9039577485495174
mid_level,0,4,46,cv,4495,1123,mid-mid,0.9776570048309179,0.9234338747099768,0.9766171916237099,0.8405045280951468
mid_level,0,4,46,cv,4495,1123,mid-deep,0.9738193591604332,0.9132947976878613,0.9841621298764122,0.7679385562222422
mid_level,0,4,46,cv,4495,1123,deep-deep,0.9380952380952381,0.8771929824561403,0.9681970214400095,0.6368953623295468
deep_level,0,4,46,cv,4495,1123,low-low,0.9642857142857142,0.7741935483870968,0.9425736961451248,0.6516946235415336
deep_level,0,4,46,cv,4495,1123,low-mid,0.9582822085889572,0.8541666666666666,0.9467338933405398,0.7694485250983617
deep_level,0,4,46,cv,4495,1123,low-deep,0.991307634164777,0.9636363636363636,0.9917214550915133,0.9227012376684083
deep_level,0,4,46,cv,4495,1123,mid-mid,0.9742753623188405,0.9348837209302325,0.9712479549465746,0.8648669258290842
deep_level,0,4,46,cv,4495,1123,mid-deep,0.9719214022552193,0.9261363636363636,0.9834790135934179,0.8002700501497175
deep_level,0,4,46,cv,4495,1123,deep-deep,0.9142857142857143,0.8813559322033898,0.9487817867072992,0.6324757715822045
low_level,1,0,1042,cv,4494,1124,low-low,0.9861111111111112,0.9166666666666666,0.9791666666666667,0.875
low_level,1,0,1042,cv,4494,1124,low-mid,0.9665634674922601,0.8969072164948454,0.9611524102834461,0.8312047432855618
low_level,1,0,1042,cv,4494,1124,low-deep,0.9663865546218486,0.8857142857142857,0.93977341592989,0.8221015026921757
low_level,1,0,1042,cv,4494,1124,mid-mid,0.953089771315511,0.9095127610208816,0.9507978494324052,0.8135851715154782
low_level,1,0,1042,cv,4494,1124,mid-deep,0.9523040482342807,0.9146005509641874,0.9664572876939781,0.766909887041266
low_level,1,0,1042,cv,4494,1124,deep-deep,1.0,1.0,0.9999999999999998,1.0
mid_level,1,0,1042,cv,4494,1124,low-low,0.9930555555555555,0.9166666666666666,0.9880952380952382,0.875
mid_level,1,0,1042,cv,4494,1124,low-mid,0.9768145854833161,0.8865979381443299,0.9698635454989649,0.8142678624758651
mid_level,1,0,1042,cv,4494,1124,low-deep,0.9696545284780579,0.9041095890410958,0.9282908093692884,0.85181491178873
mid_level,1,0,1042,cv,4494,1124,mid-mid,0.9720931302627341,0.9220183486238532,0.9735368088686938,0.8386719400431198
mid_level,1,0,1042,cv,4494,1124,mid-deep,0.9584409991386736,0.935933147632312,0.9690787241409355,0.8276520421032285
mid_level,1,0,1042,cv,4494,1124,deep-deep,1.0,0.987012987012987,0.9999999999999998,0.9233439784631201
deep_level,1,0,1042,cv,4494,1124,low-low,0.9722222222222223,0.9565217391304348,0.9666666666666668,0.938083151964686
deep_level,1,0,1042,cv,4494,1124,low-mid,0.9735810113519092,0.9119170984455959,0.9695355870755593,0.8561107791477116
deep_level,1,0,1042,cv,4494,1124,low-deep,0.9715219421101774,0.8611111111111112,0.9478183888059312,0.7825941316849185
deep_level,1,0,1042,cv,4494,1124,mid-mid,0.9701835917728799,0.9145496535796767,0.9696345143789328,0.823552803538946
deep_level,1,0,1042,cv,4494,1124,mid-deep,0.9578488372093024,0.9303621169916435,0.9666002713345336,0.8120737568256738
deep_level,1,0,1042,cv,4494,1124,deep-deep,0.986842105263158,0.9736842105263158,0.9974937343358394,0.8486842105263158
low_level,1,1,1043,cv,4494,1124,low-low,0.9431818181818182,0.8181818181818182,0.9195119208277104,0.738933506665334
low_level,1,1,1043,cv,4494,1124,low-mid,0.9481109516977522,0.861244019138756,0.9351602354575382,0.7721445544499904
low_level,1,1,1043,cv,4494,1124,low-deep,0.9861538461538462,0.9135802469135802,0.9851271895361952,0.8435427910235761
low_level,1,1,1043,cv,4494,1124,mid-mid,0.9407186948853615,0.8864142538975501,0.9391238961509065,0.7626857977212753
low_level,1,1,1043,cv,4494,1124,mid-deep,0.9777777777777777,0.952076677316294,0.9849571067206302,0.880336198762341
low_level,1,1,1043,cv,4494,1124,deep-deep,0.9631449631449632,0.9333333333333333,0.988949294724911,0.6967252657629202
mid_level,1,1,1043,cv,4494,1124,low-low,0.9393939393939394,0.8,0.9142161749069644,0.6853849062771005
mid_level,1,1,1043,cv,4494,1124,low-mid,0.9472142515542803,0.8544600938967136,0.9438018594302798,0.7594538144832778
mid_level,1,1,1043,cv,4494,1124,low-deep,0.9912820512820513,0.95,0.98852535152149,0.9101678492799177
mid_level,1,1,1043,cv,4494,1124,mid-mid,0.9578042328042328,0.8864628820960698,0.9558292981022971,0.7611130597392473
mid_level,1,1,1043,cv,4494,1124,mid-deep,0.9864468864468864,0.9587301587301588,0.9897070466802238,0.8962010172100929
mid_level,1,1,1043,cv,4494,1124,deep-deep,0.9631449631449631,0.9487179487179487,0.9879803382914489,0.7578122321244412
deep_level,1,1,1043,cv,4494,1124,low-low,0.9545454545454546,0.8,0.9361111111111111,0.6853849062771005
deep_level,1,1,1043,cv,4494,1124,low-mid,0.946975131516021,0.8472906403940886,0.9293029043487143,0.7530933056430328
deep_level,1,1,1043,cv,4494,1124,low-deep,0.9830769230769231,0.935064935064935,0.9790670451993059,0.8858066882373009
deep_level,1,1,1043,cv,4494,1124,mid-mid,0.9442019400352734,0.8962472406181016,0.939932481724686,0.7828180514587293
deep_level,1,1,1043,cv,4494,1124,mid-deep,0.9830280830280831,0.9523809523809523,0.9871955127034715,0.8801875671182305
deep_level,1,1,1043,cv,4494,1124,deep-deep,0.9262899262899263,0.9315068493150684,0.9770428686767818,0.7154547587901781
low_level,1,2,1044,cv,4494,1124,low-low,0.9464285714285714,0.8125,0.9328106242496996,0.7281516258647186
low_level,1,2,1044,cv,4494,1124,low-mid,0.952738790212396,0.8783068783068783,0.94742663006111,0.8108231294954459
low_level,1,2,1044,cv,4494,1124,low-deep,0.9803220035778175,0.9113924050632911,0.9810971649433189,0.8293122167646103
low_level,1,2,1044,cv,4494,1124,mid-mid,0.9625592752494868,0.9069767441860465,0.9686779870967038,0.8056247155114482
low_level,1,2,1044,cv,4494,1124,mid-deep,0.9687700534759358,0.9080118694362018,0.9805955816702857,0.76921826242643
low_level,1,2,1044,cv,4494,1124,deep-deep,0.9971264367816092,0.9655172413793104,0.9988505747126437,0.882183908045977
mid_level,1,2,1044,cv,4494,1124,low-low,0.9821428571428572,0.896551724137931,0.974025974025974,0.8500926126468838
mid_level,1,2,1044,cv,4494,1124,low-mid,0.969941622158738,0.864321608040201,0.96006649759295,0.7824754587376048
mid_level,1,2,1044,cv,4494,1124,low-deep,0.9976147883124628,0.987012987012987,0.9976147883124626,0.9758147632693678
mid_level,1,2,1044,cv,4494,1124,mid-mid,0.977540283577512,0.9299065420560748,0.979682107290481,0.8541927870586069
mid_level,1,2,1044,cv,4494,1124,mid-deep,0.9864705882352942,0.9442815249266863,0.9920269881238162,0.8575495521939958
mid_level,1,2,1044,cv,4494,1124,deep-deep,0.9626436781609196,0.9122807017543859,0.9849645917568609,0.7136633640915244
deep_level,1,2,1044,cv,4494,1124,low-low,0.9665178571428572,0.8666666666666667,0.946641156462585,0.8065141224813765
deep_level,1,2,1044,cv,4494,1124,low-mid,0.9434231772450626,0.826530612244898,0.9361482362926073,0.7236131145276482
deep_level,1,2,1044,cv,4494,1124,low-deep,0.9946332737030411,0.9743589743589743,0.9935564655512859,0.951103160405486
deep_level,1,2,1044,cv,4494,1124,mid-mid,0.9658621747233822,0.9018691588785047,0.9680806854906832,0.7958509925235069
deep_level,1,2,1044,cv,4494,1124,mid-deep,0.9801069518716577,0.9442815249266863,0.9876623954390542,0.8575495521939958
deep_level,1,2,1044,cv,4494,1124,deep-deep,0.9626436781609196,0.9285714285714286,0.9857833994374595,0.780280787538259
low_level,1,3,1045,cv,4495,1123,low-low,0.9684210526315788,0.896551724137931,0.9616785175608704,0.821271097469555
low_level,1,3,1045,cv,4495,1123,low-mid,0.9522121384004537,0.8786127167630058,0.9332241589432847,0.8144276244954327
low_level,1,3,1045,cv,4495,1123,low-deep,0.9700854700854701,0.9090909090909091,0.969998243240561,0.8371749357746664
low_level,1,3,1045,cv,4495,1123,mid-mid,0.9645867442847614,0.9193548387096774,0.9650585223871387,0.8213837685681648
low_level,1,3,1045,cv,4495,1123,mid-deep,0.960136173951241,0.9090909090909091,0.967148554547423,0.7768387830005785
low_level,1,3,1045,cv,4495,1123,deep-deep,0.975,0.9387755102040817,0.9926373626373628,0.7649891066762541
mid_level,1,3,1045,cv,4495,1123,low-low,0.9964912280701755,0.9375,0.9958333333333333,0.8885233166386385
mid_level,1,3,1045,cv,4495,1123,low-mid,0.9691576857629041,0.8756756756756757,0.9462286881148492,0.8082447275484964
mid_level,1,3,1045,cv,4495,1123,low-deep,0.9716880341880341,0.9135802469135802,0.9706152433080281,0.8405199879978169
mid_level,1,3,1045,cv,4495,1123,mid-mid,0.9781699108604693,0.944558521560575,0.9811634187339129,0.8786695358962305
mid_level,1,3,1045,cv,4495,1123,mid-deep,0.9677685042828904,0.9202453987730062,0.9746194045492245,0.8058163142124419
mid_level,1,3,1045,cv,4495,1123,deep-deep,0.97,0.96,0.9912160919540232,0.835
deep_level,1,3,1045,cv,4495,1123,low-low,0.992982456140351,0.9375,0.9913888888888889,0.8885233166386385
deep_level,1,3,1045,cv,4495,1123,low-mid,0.9685195689166194,0.8783068783068783,0.9391348549709563,0.8137789863191612
deep_level,1,3,1045,cv,4495,1123,low-deep,0.9780982905982906,0.9487179487179487,0.9845755414176468,0.907051282051282
deep_level,1,3,1045,cv,4495,1123,mid-mid,0.9663048531522245,0.9221311475409836,0.9664666721627261,0.8290069842115314
deep_level,1,3,1045,cv,4495,1123,mid-deep,0.9708983088073798,0.925,0.9771965989016067,0.8197360924956523
deep_level,1,3,1045,cv,4495,1123,deep-deep,0.96,0.9387755102040817,0.9883716475095786,0.7649891066762541
low_level,1,4,1046,cv,4495,1123,low-low,0.988562091503268,0.918918918918919,0.9785331725282707,0.874963235452485
low_level,1,4,1046,cv,4495,1123,low-mid,0.9591616248919619,0.8379888268156425,0.946686945006451,0.7447746740827481
low_level,1,4,1046,cv,4495,1123,low-deep,0.9548611111111112,0.9333333333333333,0.9633123303476772,0.8395833333333333
low_level,1,4,1046,cv,4495,1123,mid-mid,0.951083011356984,0.859122401847575,0.9481988957097164,0.7233559977861401
low_level,1,4,1046,cv,4495,1123,mid-deep,0.9475197699496765,0.9267015706806283,0.9632157956428523,0.7923968828359659
low_level,1,4,1046,cv,4495,1123,deep-deep,0.9883449883449884,0.9850746268656716,0.9952558729436856,0.9465345222494289
mid_level,1,4,1046,cv,4495,1123,low-low,0.9836601307189542,0.8780487804878049,0.9728491759022451,0.8170184707738729
mid_level,1,4,1046,cv,4495,1123,low-mid,0.9621146643618553,0.8465608465608465,0.9425426051887045,0.7541234992746725
mid_level,1,4,1046,cv,4495,1123,low-deep,0.9736111111111111,0.9574468085106383,0.9798671607501226,0.8964214570007952
mid_level,1,4,1046,cv,4495,1123,mid-mid,0.9595948952113337,0.8758782201405152,0.950631275252033,0.7577745194389651
mid_level,1,4,1046,cv,4495,1123,mid-deep,0.9628478997637877,0.9238845144356955,0.9659919534788443,0.7842303651633442
mid_level,1,4,1046,cv,4495,1123,deep-deep,0.9720279720279721,0.9705882352941176,0.9882466828835244,0.8931977372352652
deep_level,1,4,1046,cv,4495,1123,low-low,0.9771241830065359,0.8648648648648649,0.9587545252018937,0.791018423195051
deep_level,1,4,1046,cv,4495,1123,low-mid,0.9487179487179487,0.8342857142857143,0.9313520450541841,0.7425282723072131
deep_level,1,4,1046,cv,4495,1123,low-deep,0.9506944444444445,0.898876404494382,0.9596087108245671,0.7607257743127308
deep_level,1,4,1046,cv,4495,1123,mid-mid,0.9449713148343286,0.868020304568528,0.9398227827279033,0.7483685578710733
deep_level,1,4,1046,cv,4495,1123,mid-deep,0.9561466570812365,0.915068493150685,0.9711528148800401,0.7695528188432689
deep_level,1,4,1046,cv,4495,1123,deep-deep,0.9627039627039627,0.9705882352941176,0.984197936240228,0.8931977372352652
low_level,2,0,2042,cv,4494,1124,low-low,0.9640151515151515,0.8571428571428571,0.9500557413600892,0.8178746352094061
low_level,2,0,2042,cv,4494,1124,low-mid,0.9417774772744347,0.8047337278106509,0.9205583603957767,0.6994966351285509
low_level,2,0,2042,cv,4494,1124,low-deep,0.9654403567447046,0.8611111111111112,0.9573070731644825,0.7682808905018894
low_level,2,0,2042,cv,4494,1124,mid-mid,0.9574111030478955,0.8967136150234741,0.9525184230509763,0.7904740377118541
low_level,2,0,2042,cv,4494,1124,mid-deep,0.9480267091887581,0.9149560117302052,0.9594973153670736,0.7931642652863259
low_level,2,0,2042,cv,4494,1124,deep-deep,0.980952380952381,0.9565217391304348,0.9968682968682969,0.7291039960491383
mid_level,2,0,2042,cv,4494,1124,low-low,0.9962121212121212,0.9142857142857143,0.9930555555555556,0.8749572785196142
mid_level,2,0,2042,cv,4494,1124,low-mid,0.9643903538426866,0.845360824742268,0.9519087780831337,0.7535248569734665
mid_level,2,0,2042,cv,4494,1124,low-deep,0.9905239687848384,0.9620253164556962,0.9873808569606337,0.9293279505843974
mid_level,2,0,2042,cv,4494,1124,mid-mid,0.9767325834542815,0.9255079006772009,0.9768738392963439,0.846184499145573
mid_level,2,0,2042,cv,4494,1124,mid-deep,0.9694787721746063,0.9382022471910112,0.9714541192479988,0.8415544116725582
mid_level,2,0,2042,cv,4494,1124,deep-deep,0.9285714285714286,0.9577464788732394,0.9872091158736217,0.6892216298306771
deep_level,2,0,2042,cv,4494,1124,low-low,0.9867424242424242,0.9333333333333333,0.9770833333333333,0.9082951062292475
deep_level,2,0,2042,cv,4494,1124,low-mid,0.9504920742243258,0.8279569892473119,0.9343927876263068,0.7238567571418733
deep_level,2,0,2042,cv,4494,1124,low-deep,0.9788182831661093,0.9113924050632911,0.9741843561887634,0.8347257041177222
deep_level,2,0,2042,cv,4494,1124,mid-mid,0.9726959361393324,0.908256880733945,0.974806748700109,0.8107292023990758
deep_level,2,0,2042,cv,4494,1124,mid-deep,0.9651185967709787,0.9122807017543859,0.9745048204806437,0.785526854013399
deep_level,2,0,2042,cv,4494,1124,deep-deep,0.9142857142857144,0.927536231884058,0.9830497731033293,0.5457097393742018
low_level,2,1,2043,cv,4494,1124,low-low,0.9774436090225563,0.926829268292683,0.980519227361333,0.8510644963469901
low_level,2,1,2043,cv,4494,1124,low-mid,0.9379733520336606,0.8397790055248618,0.9196272758143512,0.7474231094883089
low_level,2,1,2043,cv,4494,1124,low-deep,0.9685559006211181,0.8863636363636364,0.9580386306101737,0.8030312193855834
low_level,2,1,2043,cv,4494,1124,mid-mid,0.9581560795058524,0.8972431077694235,0.958997933214276,0.7990191195866851
low_level,2,1,2043,cv,4494,1124,mid-deep,0.959472049689441,0.9230769230769231,0.9653943854996012,0.8091390358597897
low_level,2,1,2043,cv,4494,1124,deep-deep,0.9764705882352942,0.9705882352941176,0.9927472203813348,0.8705882352941177
mid_level,2,1,2043,cv,4494,1124,low-low,0.9573934837092732,0.8695652173913043,0.9632452281700887,0.7109361731353578
mid_level,2,1,2043,cv,4494,1124,low-mid,0.934116409537167,0.8379888268156425,0.9219636503205866,0.7467541420588911
mid_level,2,1,2043,cv,4494,1124,low-deep,0.952251552795031,0.8631578947368421,0.9345954930475908,0.7454149958575662
mid_level,2,1,2043,cv,4494,1124,mid-mid,0.9693320835436345,0.9090909090909091,0.9689263839495487,0.8188995316334453
mid_level,2,1,2043,cv,4494,1124,mid-deep,0.9796066252587992,0.9421965317919075,0.9798038159859406,0.8538399947409088
mid_level,2,1,2043,cv,4494,1124,deep-deep,0.9852941176470589,0.9565217391304348,0.9956905779245746,0.8005833540713045
deep_level,2,1,2043,cv,4494,1124,low-low,0.9774436090225563,0.9302325581395349,0.9782201773065284,0.8503205196882414
deep_level,2,1,2043,cv,4494,1124,low-mid,0.9388849929873772,0.8415300546448088,0.9231213037702045,0.7483150779053412
deep_level,2,1,2043,cv,4494,1124,low-deep,0.9351708074534162,0.865979381443299,0.9114463360164168,0.7487048859271456
deep_level,2,1,2043,cv,4494,1124,mid-mid,0.9669286418150792,0.9029126213592233,0.9670767668146784,0.8049872284930609
deep_level,2,1,2043,cv,4494,1124,mid-deep,0.9594202898550726,0.9287749287749287,0.9616671510934179,0.8182168043191373
deep_level,2,1,2043,cv,4494,1124,deep-deep,0.9029411764705882,0.9714285714285714,0.9427445939937246,0.8692269873603532
low_level,2,2,2044,cv,4494,1124,low-low,0.9583333333333333,0.9166666666666666,0.9583333333333333,0.875
low_level,2,2,2044,cv,4494,1124,low-mid,0.9762923351158644,0.8942307692307693,0.9650247164564949,0.8303620761160748
low_level,2,2,2044,cv,4494,1124,low-deep,0.982615268329554,0.8709677419354839,0.9695663332701328,0.8034183527669021
low_level,2,2,2044,cv,4494,1124,mid-mid,0.9547860101242521,0.9078341013824884,0.9545880815851815,0.8088776338370761
low_level,2,2,2044,cv,4494,1124,mid-deep,0.9600491016627608,0.935933147632312,0.9705115356419002,0.8214058889336552
low_level,2,2,2044,cv,4494,1124,deep-deep,0.9808612440191388,0.9487179487179487,0.9952139119729146,0.7553152078862315
mid_level,2,2,2044,cv,4494,1124,low-low,0.9895833333333334,0.8461538461538461,0.9833333333333335,0.7655318158241112
mid_level,2,2,2044,cv,4494,1124,low-mid,0.9741532976827094,0.8995215311004785,0.9661507994341532,0.8390829091388001
mid_level,2,2,2044,cv,4494,1124,low-deep,0.9863945578231292,0.8666666666666667,0.9766957158664081,0.7918786214457105
mid_level,2,2,2044,cv,4494,1124,mid-mid,0.9699493787390704,0.9162790697674419,0.9713822382069239,0.8275492156829378
mid_level,2,2,2044,cv,4494,1124,mid-deep,0.9636759290257784,0.9234972677595629,0.9783697109376025,0.7838148812940247
mid_level,2,2,2044,cv,4494,1124,deep-deep,0.9760765550239234,0.925,0.9932793984914937,0.6190103744689256
deep_level,2,2,2044,cv,4494,1124,low-low,0.9965277777777778,0.9166666666666666,0.9935897435897437,0.875
deep_level,2,2,2044,cv,4494,1124,low-mid,0.979263220439691,0.9014084507042254,0.9711978223647162,0.8430325275933326
deep_level,2,2,2044,cv,4494,1124,low-deep,0.9765684051398337,0.819672131147541,0.9663559814525995,0.7144427968902409
deep_level,2,2,2044,cv,4494,1124,mid-mid,0.9709618039576623,0.9230769230769231,0.9739232048404468,0.8397939556321821
deep_level,2,2,2044,cv,4494,1124,mid-deep,0.965210355987055,0.9418282548476454,0.9745459831554137,0.8378907414625659
deep_level,2,2,2044,cv,4494,1124,deep-deep,0.9712918660287081,0.926829268292683,0.9912881085291935,0.6265476705495556
low_level,2,3,2045,cv,4495,1123,low-low,0.8993506493506493,0.7692307692307693,0.8817670424813281,0.6446583712203042
low_level,2,3,2045,cv,4495,1123,low-mid,0.9326125220015088,0.8223350253807107,0.9225808322689119,0.7148966408788139
low_level,2,3,2045,cv,4495,1123,low-deep,0.962406015037594,0.8888888888888888,0.9521830794561454,0.8137411550596574
low_level,2,3,2045,cv,4495,1123,mid-mid,0.9513406955927021,0.8768267223382046,0.9559190199513526,0.7394910024389366
low_level,2,3,2045,cv,4495,1123,mid-deep,0.9595266990291262,0.9300911854103343,0.9699230520426296,0.8157463628312447
low_level,2,3,2045,cv,4495,1123,deep-deep,0.9892857142857143,0.9459459459459459,0.9950402777818744,0.820412654142367
mid_level,2,3,2045,cv,4495,1123,low-low,0.9415584415584415,0.8275862068965517,0.9198190698190697,0.7127255688897131
mid_level,2,3,2045,cv,4495,1123,low-mid,0.9620945436258485,0.8717948717948718,0.9535566098670214,0.7953721327217772
mid_level,2,3,2045,cv,4495,1123,low-deep,0.9530075187969925,0.8571428571428571,0.9502798942896938,0.7518796992481203
mid_level,2,3,2045,cv,4495,1123,mid-mid,0.9642347072194396,0.907563025210084,0.9672132977625909,0.806226615644191
mid_level,2,3,2045,cv,4495,1123,mid-deep,0.9840412621359224,0.9607250755287009,0.9869047745696053,0.897857900481857
mid_level,2,3,2045,cv,4495,1123,deep-deep,0.9607142857142857,0.9295774647887324,0.9815129136982907,0.7692180630818731
deep_level,2,3,2045,cv,4495,1123,low-low,0.922077922077922,0.7741935483870968,0.892126148705096,0.6150708011167444
deep_level,2,3,2045,cv,4495,1123,low-mid,0.9677520744279609,0.8877551020408163,0.9554110304174486,0.8203911914366778
deep_level,2,3,2045,cv,4495,1123,low-deep,0.9680451127819549,0.9090909090909091,0.9560767201385791,0.8446028046155327
deep_level,2,3,2045,cv,4495,1123,mid-mid,0.9511194255023837,0.8829568788501027,0.9531933484683037,0.7519604610653556
deep_level,2,3,2045,cv,4495,1123,mid-deep,0.981492718446602,0.9520958083832335,0.9860685412531751,0.8749147414453141
deep_level,2,3,2045,cv,4495,1123,deep-deep,0.9821428571428571,0.9315068493150684,0.9925807164971251,0.7681108099161251
low_level,2,4,2046,cv,4495,1123,low-low,0.9772727272727272,0.7368421052631579,0.9464285714285714,0.6742083750340275
low_level,2,4,2046,cv,4495,1123,low-mid,0.9802101229020748,0.9281767955801105,0.974661334284121,0.8903534616549873
low_level,2,4,2046,cv,4495,1123,low-deep,0.9889817629179332,0.954954954954955,0.9895791668820035,0.9025048327066487
low_level,2,4,2046,cv,4495,1123,mid-mid,0.9530037463205779,0.9029345372460497,0.9604382424855614,0.7967717302238315
low_level,2,4,2046,cv,4495,1123,mid-deep,0.9631328576282705,0.9057750759878419,0.976447511598974,0.76088943902773
low_level,2,4,2046,cv,4495,1123,deep-deep,0.8777777777777778,0.8837209302325582,0.9451953252696961,0.5773851322837181
mid_level,2,4,2046,cv,4495,1123,low-low,0.9734848484848484,0.6666666666666666,0.9416666666666667,0.5903348666183074
mid_level,2,4,2046,cv,4495,1123,low-mid,0.9779635258358662,0.8910891089108911,0.9715832647142382,0.8256475488088274
mid_level,2,4,2046,cv,4495,1123,low-deep,0.9874620060790273,0.9739130434782609,0.9875882613380023,0.9426390282290299
mid_level,2,4,2046,cv,4495,1123,mid-mid,0.9635179734189635,0.9111111111111111,0.9674138192595936,0.8109738441772183
mid_level,2,4,2046,cv,4495,1123,mid-deep,0.9800656926039188,0.9253731343283582,0.9864834460823693,0.8079216743513215
mid_level,2,4,2046,cv,4495,1123,deep-deep,0.8777777777777778,0.8888888888888888,0.9471000871744581,0.5962847939999439
deep_level,2,4,2046,cv,4495,1123,low-low,0.9848484848484849,0.7777777777777778,0.9583333333333333,0.7235816341171682
deep_level,2,4,2046,cv,4495,1123,low-mid,0.9798797409805736,0.91005291005291,0.9764061408825118,0.8571260480732612
deep_level,2,4,2046,cv,4495,1123,low-deep,0.9745440729483282,0.9464285714285714,0.9773529394856938,0.8825987841945289
deep_level,2,4,2046,cv,4495,1123,mid-mid,0.9558023369904558,0.912751677852349,0.9638442281483277,0.8155862223855386
deep_level,2,4,2046,cv,4495,1123,mid-deep,0.9766677992977687,0.9404761904761905,0.9841948074740118,0.8474480381068128
deep_level,2,4,2046,cv,4495,1123,deep-deep,0.8666666666666667,0.8780487804878049,0.9399677342332815,0.5865557254410011
