feature_set,split_repeat,fold,best_val_auc
low_level,0,0,0.9682457464927221
mid_level,0,0,0.9762260109212859
deep_level,0,0,0.9738556353484451
low_level,0,1,0.9654978666619844
mid_level,0,1,0.9769810194370797
deep_level,0,1,0.9719066598774428
low_level,0,2,0.963285516127333
mid_level,0,2,0.9763313609467456
deep_level,0,2,0.9645672747704247
low_level,0,3,0.9721524766035152
mid_level,0,3,0.9810282162484856
deep_level,0,3,0.9755236774182221
low_level,0,4,0.9706161220655628
mid_level,0,4,0.986295717521465
deep_level,0,4,0.9815286288694186
low_level,1,0,0.95721033132583
mid_level,1,0,0.9767703193861605
deep_level,1,0,0.9680526047793796
low_level,1,1,0.9515477674573771
mid_level,1,1,0.9642600038628342
deep_level,1,1,0.9611258406054114
low_level,1,2,0.965840254244728
mid_level,1,2,0.9804400119396696
deep_level,1,2,0.9705634470528332
low_level,1,3,0.9738644145172336
mid_level,1,3,0.9750320439660772
deep_level,1,3,0.9720427369936615
low_level,1,4,0.9705019928713149
mid_level,1,4,0.9867785718048215
deep_level,1,4,0.9762172317524976
low_level,2,0,0.9561480519024459
mid_level,2,0,0.9786885677664039
deep_level,2,0,0.9663757835408143
low_level,2,1,0.9727143434059664
mid_level,2,1,0.9777096904465085
deep_level,2,1,0.974171685424824
low_level,2,2,0.963724474566748
mid_level,2,2,0.9750144856285007
deep_level,2,2,0.9729864976384036
low_level,2,3,0.965164258248029
mid_level,2,3,0.9742594771127069
deep_level,2,3,0.9755061190806456
low_level,2,4,0.9668937544993241
mid_level,2,4,0.9774726528892245
deep_level,2,4,0.9757168191315646
