setting,scenario,subset,label_group,feature,statistic,controls,control_encoding,split_repeat,mean_rho,n_fits,n_min,n_max,n_defined_fits,status
transductive,transductive,all_pairs,overall,shared_protein_count,partial_spearman,n_proteins_a|n_proteins_b,unordered_minmax,0,0.6117021275340768,5,1300,1300,5,ok
transductive,transductive,all_pairs,overall,shared_protein_count,partial_spearman,n_proteins_a|n_proteins_b,unordered_minmax,1,0.6287539351661496,5,1300,1300,5,ok
transductive,transductive,all_pairs,overall,shared_protein_count,partial_spearman,n_proteins_a|n_proteins_b,unordered_minmax,2,0.6219614688005295,5,1300,1300,5,ok
transductive,transductive,all_pairs,overall,shared_protein_count,partial_spearman,n_proteins_a|n_proteins_b,unordered_minmax,3,0.6238051668400345,5,1300,1300,5,ok
transductive,transductive,all_pairs,overall,shared_protein_count,partial_spearman,n_proteins_a|n_proteins_b,unordered_minmax,4,0.6147515833274798,5,1300,1300,5,ok
transductive,transductive,all_pairs,overall,biological_shared_protein_count,partial_spearman,n_biological_proteins_a|n_biological_proteins_b,unordered_minmax,0,0.2127761385864834,5,1300,1300,5,ok
transductive,transductive,all_pairs,overall,biological_shared_protein_count,partial_spearman,n_biological_proteins_a|n_biological_proteins_b,unordered_minmax,1,0.2086350565871536,5,1300,1300,5,ok
transductive,transductive,all_pairs,overall,biological_shared_protein_count,partial_spearman,n_biological_proteins_a|n_biological_proteins_b,unordered_minmax,2,0.2150825836480485,5,1300,1300,5,ok
transductive,transductive,all_pairs,overall,biological_shared_protein_count,partial_spearman,n_biological_proteins_a|n_biological_proteins_b,unordered_minmax,3,0.2116685371759665,5,1300,1300,5,ok
transductive,transductive,all_pairs,overall,biological_shared_protein_count,partial_spearman,n_biological_proteins_a|n_biological_proteins_b,unordered_minmax,4,0.2131993790182647,5,1300,1300,5,ok
inductive,seen_unseen,all_pairs,overall,biological_shared_protein_count,partial_spearman,n_biological_proteins_a|n_biological_proteins_b,unordered_minmax,0,0.1989109182019758,3,2336,2336,3,ok
inductive,seen_unseen,all_pairs,overall,biological_shared_protein_count,partial_spearman,n_biological_proteins_a|n_biological_proteins_b,unordered_minmax,1,0.2311374046098311,3,1510,1510,3,ok
inductive,seen_unseen,all_pairs,overall,biological_shared_protein_count,partial_spearman,n_biological_proteins_a|n_biological_proteins_b,unordered_minmax,2,0.2323591765791743,3,1190,1190,3,ok
inductive,seen_unseen,all_pairs,overall,biological_shared_protein_count,partial_spearman,n_biological_proteins_a|n_biological_proteins_b,unordered_minmax,3,0.2012096843244521,3,1864,1864,3,ok
inductive,seen_unseen,all_pairs,overall,biological_shared_protein_count,partial_spearman,n_biological_proteins_a|n_biological_proteins_b,unordered_minmax,4,0.2002937097754449,3,1738,1738,3,ok
inductive,unseen_unseen,all_pairs,overall,biological_shared_protein_count,partial_spearman,n_biological_proteins_a|n_biological_proteins_b,unordered_minmax,0,0.1713733697993921,3,276,276,3,ok
inductive,unseen_unseen,all_pairs,overall,biological_shared_protein_count,partial_spearman,n_biological_proteins_a|n_biological_proteins_b,unordered_minmax,1,0.2604810025603173,3,118,118,3,ok
inductive,unseen_unseen,all_pairs,overall,biological_shared_protein_count,partial_spearman,n_biological_proteins_a|n_biological_proteins_b,unordered_minmax,2,0.0301360374508486,3,64,64,3,ok
inductive,unseen_unseen,all_pairs,overall,biological_shared_protein_count,partial_spearman,n_biological_proteins_a|n_biological_proteins_b,unordered_minmax,3,0.2287359803487072,3,206,206,3,ok
inductive,unseen_unseen,all_pairs,overall,biological_shared_protein_count,partial_spearman,n_biological_proteins_a|n_biological_proteins_b,unordered_minmax,4,0.1945840877209138,3,132,132,3,ok
