setting,scenario,subset,label_group,feature,statistic,controls,control_encoding,mean_rho,sd_rho,min_rho,max_rho,n_splits,n_defined_splits,n_fits,status,n_min,n_max,interpretation
transductive,transductive,all_pairs,negative,biological_shared_protein_count,partial_spearman,n_biological_proteins_a|n_biological_proteins_b,endpoint_columns,0.184307366221867,0.0045116723803386,0.1781956242280581,0.1903428472142824,5,5,25,ok,650,650,descriptive; SD and range are not confidence intervals
transductive,transductive,all_pairs,negative,biological_shared_protein_count,partial_spearman,n_biological_proteins_a|n_biological_proteins_b,unordered_minmax,0.1509182545805213,0.0036027778453564,0.1467668834910487,0.1556779492066687,5,5,25,ok,650,650,descriptive; SD and range are not confidence intervals
transductive,transductive,all_pairs,negative,biological_shared_protein_count,spearman,none,none,0.1386676723723186,0.0154384221800848,0.1259557150091703,0.1627815911365896,5,5,25,ok,650,650,descriptive; SD and range are not confidence intervals
transductive,transductive,all_pairs,negative,protein_jaccard,spearman,none,none,0.7058378981625818,0.0190677270626804,0.68119315921081,0.7291228198948174,5,5,25,ok,650,650,descriptive; SD and range are not confidence intervals
transductive,transductive,all_pairs,negative,protein_size_geomean,spearman,none,none,0.5091181702463702,0.0164840733705563,0.4831082561851256,0.5239739351484427,5,5,25,ok,650,650,descriptive; SD and range are not confidence intervals
transductive,transductive,all_pairs,negative,shared_protein_count,partial_spearman,n_proteins_a|n_proteins_b,endpoint_columns,0.6892310060645468,0.022531431790536,0.6582144365947126,0.7131148673589438,5,5,25,ok,650,650,descriptive; SD and range are not confidence intervals
transductive,transductive,all_pairs,negative,shared_protein_count,partial_spearman,n_proteins_a|n_proteins_b,unordered_minmax,0.6368337900059687,0.022042002695153,0.6046488445817737,0.6547559811726626,5,5,25,ok,650,650,descriptive; SD and range are not confidence intervals
transductive,transductive,all_pairs,negative,shared_protein_count,spearman,none,none,0.74124289319184,0.0191985649048322,0.7197214678985139,0.7610675901928212,5,5,25,ok,650,650,descriptive; SD and range are not confidence intervals
transductive,transductive,all_pairs,negative,shared_target_count,partial_spearman,n_targets_a|n_targets_b,endpoint_columns,0.1867715126627695,0.0076418416030267,0.1776658858358714,0.1976394700762159,5,5,25,ok,650,650,descriptive; SD and range are not confidence intervals
transductive,transductive,all_pairs,negative,shared_target_count,partial_spearman,n_targets_a|n_targets_b,unordered_minmax,0.1767939104036611,0.0078057089024565,0.1681921478327726,0.1885335075227096,5,5,25,ok,650,650,descriptive; SD and range are not confidence intervals
transductive,transductive,all_pairs,negative,shared_target_count,spearman,none,none,0.2341032101702339,0.0061312623795913,0.2279626006557174,0.2434507232762142,5,5,25,ok,650,650,descriptive; SD and range are not confidence intervals
transductive,transductive,all_pairs,overall,biological_shared_protein_count,partial_spearman,n_biological_proteins_a|n_biological_proteins_b,endpoint_columns,0.1387759865097418,0.0045251258432977,0.1310705071617283,0.1425700619284869,5,5,25,ok,1300,1300,descriptive; SD and range are not confidence intervals
transductive,transductive,all_pairs,overall,biological_shared_protein_count,partial_spearman,n_biological_proteins_a|n_biological_proteins_b,unordered_minmax,0.2122723390031833,0.0023772406374932,0.2086350565871536,0.2150825836480485,5,5,25,ok,1300,1300,descriptive; SD and range are not confidence intervals
transductive,transductive,all_pairs,overall,biological_shared_protein_count,partial_spearman,n_biological_proteins_a|n_biological_proteins_b|either_biological_size_zero,endpoint_columns_plus_zero,0.2574078961121368,0.0050106929559899,0.2500108797339036,0.2633808176872995,5,5,25,ok,1300,1300,descriptive; SD and range are not confidence intervals
transductive,transductive,all_pairs,overall,biological_shared_protein_count,partial_spearman,n_biological_proteins_a|n_biological_proteins_b|either_biological_size_zero,unordered_minmax_plus_zero,0.2470719942393357,0.0030643633692839,0.2428661511835702,0.2499962844165641,5,5,25,ok,1300,1300,descriptive; SD and range are not confidence intervals
transductive,transductive,all_pairs,overall,biological_shared_protein_count,spearman,none,none,-0.0734335633778379,0.009305514684385,-0.0835501978241777,-0.0588420566427338,5,5,25,ok,1300,1300,descriptive; SD and range are not confidence intervals
transductive,transductive,all_pairs,overall,protein_jaccard,spearman,none,none,0.6643148412318555,0.008622779073218,0.6546896343812179,0.6781587788577206,5,5,25,ok,1300,1300,descriptive; SD and range are not confidence intervals
transductive,transductive,all_pairs,overall,protein_size_geomean,spearman,none,none,0.3518043254907074,0.0085921869906563,0.3387876772338872,0.3600568759460328,5,5,25,ok,1300,1300,descriptive; SD and range are not confidence intervals
transductive,transductive,all_pairs,overall,shared_protein_count,partial_spearman,n_proteins_a|n_proteins_b,endpoint_columns,0.626817950768773,0.0071104842112482,0.6180866410625512,0.6371531122986825,5,5,25,ok,1300,1300,descriptive; SD and range are not confidence intervals
transductive,transductive,all_pairs,overall,shared_protein_count,partial_spearman,n_proteins_a|n_proteins_b,unordered_minmax,0.620194856333654,0.0069131894864886,0.6117021275340768,0.6287539351661496,5,5,25,ok,1300,1300,descriptive; SD and range are not confidence intervals
transductive,transductive,all_pairs,overall,shared_protein_count,spearman,none,none,0.6172884704281605,0.0075085502222579,0.6040656164172509,0.6221779654418682,5,5,25,ok,1300,1300,descriptive; SD and range are not confidence intervals
transductive,transductive,all_pairs,overall,shared_target_count,partial_spearman,n_targets_a|n_targets_b,endpoint_columns,0.2729976918548437,0.0052469255503896,0.2678019823330121,0.2805112553447504,5,5,25,ok,1300,1300,descriptive; SD and range are not confidence intervals
transductive,transductive,all_pairs,overall,shared_target_count,partial_spearman,n_targets_a|n_targets_b,unordered_minmax,0.300284858450539,0.0041461814149711,0.2956200761506811,0.3058996224917974,5,5,25,ok,1300,1300,descriptive; SD and range are not confidence intervals
transductive,transductive,all_pairs,overall,shared_target_count,spearman,none,none,0.1798458738327269,0.0056787313779598,0.1712570009757429,0.1871474301876291,5,5,25,ok,1300,1300,descriptive; SD and range are not confidence intervals
transductive,transductive,all_pairs,positive,biological_shared_protein_count,partial_spearman,n_biological_proteins_a|n_biological_proteins_b,endpoint_columns,-0.0508034289581252,0.0120099317743518,-0.0692962505100714,-0.0370447154540699,5,5,25,ok,650,650,descriptive; SD and range are not confidence intervals
transductive,transductive,all_pairs,positive,biological_shared_protein_count,partial_spearman,n_biological_proteins_a|n_biological_proteins_b,unordered_minmax,0.0273296767314795,0.0078520006215674,0.0187639036142101,0.0369354837709541,5,5,25,ok,650,650,descriptive; SD and range are not confidence intervals
transductive,transductive,all_pairs,positive,biological_shared_protein_count,spearman,none,none,-0.2994018458199262,0.0146024780642637,-0.3156879467716569,-0.2759043757282144,5,5,25,ok,650,650,descriptive; SD and range are not confidence intervals
transductive,transductive,all_pairs,positive,protein_jaccard,spearman,none,none,0.1814621230998619,0.0221381224261121,0.1626955713513951,0.2130113376899561,5,5,25,ok,650,650,descriptive; SD and range are not confidence intervals
transductive,transductive,all_pairs,positive,protein_size_geomean,spearman,none,none,-0.1308758523352928,0.019904495188808,-0.1558665877067276,-0.1036425622252925,5,5,25,ok,650,650,descriptive; SD and range are not confidence intervals
transductive,transductive,all_pairs,positive,shared_protein_count,partial_spearman,n_proteins_a|n_proteins_b,endpoint_columns,0.2274803652117675,0.0185446278110385,0.2077829122757464,0.2533161013314927,5,5,25,ok,650,650,descriptive; SD and range are not confidence intervals
transductive,transductive,all_pairs,positive,shared_protein_count,partial_spearman,n_proteins_a|n_proteins_b,unordered_minmax,0.2671190850045309,0.0139837967375723,0.2449566111803001,0.2820166864835444,5,5,25,ok,650,650,descriptive; SD and range are not confidence intervals
transductive,transductive,all_pairs,positive,shared_protein_count,spearman,none,none,0.0103464568956135,0.0184617712073561,-0.0103583057451289,0.0392742044519026,5,5,25,ok,650,650,descriptive; SD and range are not confidence intervals
transductive,transductive,all_pairs,positive,shared_target_count,partial_spearman,n_targets_a|n_targets_b,endpoint_columns,0.0672749828934856,0.0134496959437324,0.0525131248640678,0.0855970779363271,5,5,25,ok,650,650,descriptive; SD and range are not confidence intervals
transductive,transductive,all_pairs,positive,shared_target_count,partial_spearman,n_targets_a|n_targets_b,unordered_minmax,0.1201153575073003,0.012407031912771,0.1043097194098646,0.1371495147992467,5,5,25,ok,650,650,descriptive; SD and range are not confidence intervals
transductive,transductive,all_pairs,positive,shared_target_count,spearman,none,none,-0.1673132594377782,0.012507674128713,-0.1852847910137335,-0.1500936729170271,5,5,25,ok,650,650,descriptive; SD and range are not confidence intervals
transductive,transductive,both_have_targets,negative,biological_shared_protein_count,partial_spearman,n_biological_proteins_a|n_biological_proteins_b,endpoint_columns,0.184307366221867,0.0045116723803386,0.1781956242280581,0.1903428472142824,5,5,25,ok,650,650,descriptive; SD and range are not confidence intervals
transductive,transductive,both_have_targets,negative,biological_shared_protein_count,partial_spearman,n_biological_proteins_a|n_biological_proteins_b,unordered_minmax,0.1509182545805213,0.0036027778453564,0.1467668834910487,0.1556779492066687,5,5,25,ok,650,650,descriptive; SD and range are not confidence intervals
transductive,transductive,both_have_targets,negative,biological_shared_protein_count,spearman,none,none,0.1386676723723186,0.0154384221800848,0.1259557150091703,0.1627815911365896,5,5,25,ok,650,650,descriptive; SD and range are not confidence intervals
transductive,transductive,both_have_targets,negative,protein_jaccard,spearman,none,none,0.7058378981625818,0.0190677270626804,0.68119315921081,0.7291228198948174,5,5,25,ok,650,650,descriptive; SD and range are not confidence intervals
transductive,transductive,both_have_targets,negative,protein_size_geomean,spearman,none,none,0.5091181702463702,0.0164840733705563,0.4831082561851256,0.5239739351484427,5,5,25,ok,650,650,descriptive; SD and range are not confidence intervals
transductive,transductive,both_have_targets,negative,shared_protein_count,partial_spearman,n_proteins_a|n_proteins_b,endpoint_columns,0.6892310060645468,0.022531431790536,0.6582144365947126,0.7131148673589438,5,5,25,ok,650,650,descriptive; SD and range are not confidence intervals
transductive,transductive,both_have_targets,negative,shared_protein_count,partial_spearman,n_proteins_a|n_proteins_b,unordered_minmax,0.6368337900059687,0.022042002695153,0.6046488445817737,0.6547559811726626,5,5,25,ok,650,650,descriptive; SD and range are not confidence intervals
transductive,transductive,both_have_targets,negative,shared_protein_count,spearman,none,none,0.74124289319184,0.0191985649048322,0.7197214678985139,0.7610675901928212,5,5,25,ok,650,650,descriptive; SD and range are not confidence intervals
transductive,transductive,both_have_targets,negative,shared_target_count,partial_spearman,n_targets_a|n_targets_b,endpoint_columns,0.1867715126627695,0.0076418416030267,0.1776658858358714,0.1976394700762159,5,5,25,ok,650,650,descriptive; SD and range are not confidence intervals
transductive,transductive,both_have_targets,negative,shared_target_count,partial_spearman,n_targets_a|n_targets_b,unordered_minmax,0.1767939104036611,0.0078057089024565,0.1681921478327726,0.1885335075227096,5,5,25,ok,650,650,descriptive; SD and range are not confidence intervals
transductive,transductive,both_have_targets,negative,shared_target_count,spearman,none,none,0.2341032101702339,0.0061312623795913,0.2279626006557174,0.2434507232762142,5,5,25,ok,650,650,descriptive; SD and range are not confidence intervals
transductive,transductive,both_have_targets,overall,biological_shared_protein_count,partial_spearman,n_biological_proteins_a|n_biological_proteins_b,endpoint_columns,0.2690130318481534,0.003566877729364,0.26401825251953,0.2728561714626851,5,5,25,ok,1129,1152,descriptive; SD and range are not confidence intervals
transductive,transductive,both_have_targets,overall,biological_shared_protein_count,partial_spearman,n_biological_proteins_a|n_biological_proteins_b,unordered_minmax,0.2627778330169527,0.0024369286369485,0.2598489622092372,0.2653723405198793,5,5,25,ok,1129,1152,descriptive; SD and range are not confidence intervals
transductive,transductive,both_have_targets,overall,biological_shared_protein_count,spearman,none,none,0.1993629007502658,0.011515860320169,0.1835538660696672,0.2155226629754501,5,5,25,ok,1129,1152,descriptive; SD and range are not confidence intervals
transductive,transductive,both_have_targets,overall,protein_jaccard,spearman,none,none,0.724237070739597,0.0090607530516806,0.7154048096239366,0.7390008181520296,5,5,25,ok,1129,1152,descriptive; SD and range are not confidence intervals
transductive,transductive,both_have_targets,overall,protein_size_geomean,spearman,none,none,0.5136441900361017,0.008644614179505,0.5009860414343528,0.5218164530110118,5,5,25,ok,1129,1152,descriptive; SD and range are not confidence intervals
transductive,transductive,both_have_targets,overall,shared_protein_count,partial_spearman,n_proteins_a|n_proteins_b,endpoint_columns,0.682055116268757,0.0080024410411204,0.6725111527639125,0.6931828839818232,5,5,25,ok,1129,1152,descriptive; SD and range are not confidence intervals
transductive,transductive,both_have_targets,overall,shared_protein_count,partial_spearman,n_proteins_a|n_proteins_b,unordered_minmax,0.650817081549741,0.0087823396342751,0.6401946014931517,0.6614000646520503,5,5,25,ok,1129,1152,descriptive; SD and range are not confidence intervals
transductive,transductive,both_have_targets,overall,shared_protein_count,spearman,none,none,0.739621902333645,0.0069416705571032,0.7273715214281246,0.7446202607728674,5,5,25,ok,1129,1152,descriptive; SD and range are not confidence intervals
transductive,transductive,both_have_targets,overall,shared_target_count,partial_spearman,n_targets_a|n_targets_b,endpoint_columns,0.3122662719538674,0.0058146063979373,0.3052033540606439,0.3205936114803511,5,5,25,ok,1129,1152,descriptive; SD and range are not confidence intervals
transductive,transductive,both_have_targets,overall,shared_target_count,partial_spearman,n_targets_a|n_targets_b,unordered_minmax,0.3077463982644386,0.0047382540430444,0.3019830885433125,0.3138908614955714,5,5,25,ok,1129,1152,descriptive; SD and range are not confidence intervals
transductive,transductive,both_have_targets,overall,shared_target_count,spearman,none,none,0.3431538664706861,0.0067626016459462,0.3317661479352021,0.3498781228559543,5,5,25,ok,1129,1152,descriptive; SD and range are not confidence intervals
transductive,transductive,both_have_targets,positive,biological_shared_protein_count,partial_spearman,n_biological_proteins_a|n_biological_proteins_b,endpoint_columns,0.0347356339771514,0.010651143442745,0.018619348658513,0.0459880167153475,5,5,25,ok,479,502,descriptive; SD and range are not confidence intervals
transductive,transductive,both_have_targets,positive,biological_shared_protein_count,partial_spearman,n_biological_proteins_a|n_biological_proteins_b,unordered_minmax,0.0460364502654668,0.0093674329892197,0.0351954533887315,0.0540464768026808,5,5,25,ok,479,502,descriptive; SD and range are not confidence intervals
transductive,transductive,both_have_targets,positive,biological_shared_protein_count,spearman,none,none,-0.0191826212773097,0.0243917997464693,-0.0595242012867684,0.0063445990228669,5,5,25,ok,479,502,descriptive; SD and range are not confidence intervals
transductive,transductive,both_have_targets,positive,protein_jaccard,spearman,none,none,0.2352992716997658,0.0262481638623919,0.2080059318118009,0.2741007650276948,5,5,25,ok,479,502,descriptive; SD and range are not confidence intervals
transductive,transductive,both_have_targets,positive,protein_size_geomean,spearman,none,none,0.1349593736627578,0.0268581232186223,0.0930366760366718,0.1672217642864421,5,5,25,ok,479,502,descriptive; SD and range are not confidence intervals
transductive,transductive,both_have_targets,positive,shared_protein_count,partial_spearman,n_proteins_a|n_proteins_b,endpoint_columns,0.2472041133825541,0.0203872329283569,0.2281388560090374,0.276932587986189,5,5,25,ok,479,502,descriptive; SD and range are not confidence intervals
transductive,transductive,both_have_targets,positive,shared_protein_count,partial_spearman,n_proteins_a|n_proteins_b,unordered_minmax,0.2329424825578851,0.0173968776692152,0.2082374702582708,0.2532879294527568,5,5,25,ok,479,502,descriptive; SD and range are not confidence intervals
transductive,transductive,both_have_targets,positive,shared_protein_count,spearman,none,none,0.2443844933686052,0.0192797165851595,0.2283455401688163,0.2760125229365641,5,5,25,ok,479,502,descriptive; SD and range are not confidence intervals
transductive,transductive,both_have_targets,positive,shared_target_count,partial_spearman,n_targets_a|n_targets_b,endpoint_columns,0.0782533600096096,0.0158778281111153,0.063541814447952,0.1021033040602063,5,5,25,ok,479,502,descriptive; SD and range are not confidence intervals
transductive,transductive,both_have_targets,positive,shared_target_count,partial_spearman,n_targets_a|n_targets_b,unordered_minmax,0.1023049110445691,0.0128997519332893,0.0866881165233201,0.1203456640568735,5,5,25,ok,479,502,descriptive; SD and range are not confidence intervals
transductive,transductive,both_have_targets,positive,shared_target_count,spearman,none,none,0.0335352956840555,0.0192860567362551,0.0009857012437234,0.0508627354054399,5,5,25,ok,479,502,descriptive; SD and range are not confidence intervals
inductive,seen_unseen,all_pairs,negative,biological_shared_protein_count,partial_spearman,n_biological_proteins_a|n_biological_proteins_b,endpoint_columns,0.0682139400142501,0.123149815110646,-0.073025924842184,0.2418154562082067,5,5,15,ok,595,1168,descriptive; SD and range are not confidence intervals
inductive,seen_unseen,all_pairs,negative,biological_shared_protein_count,partial_spearman,n_biological_proteins_a|n_biological_proteins_b,unordered_minmax,0.0814936303196283,0.0994826574522392,-0.0134598224569818,0.2197049171657596,5,5,15,ok,595,1168,descriptive; SD and range are not confidence intervals
inductive,seen_unseen,all_pairs,negative,biological_shared_protein_count,spearman,none,none,-0.0032559855331088,0.1941121582992663,-0.2172234357207511,0.2616573803017301,5,5,15,ok,595,1168,descriptive; SD and range are not confidence intervals
inductive,seen_unseen,all_pairs,negative,protein_jaccard,spearman,none,none,0.0230060622204049,0.1567621013417958,-0.1773877193925973,0.1956360591306383,5,5,15,ok,595,1168,descriptive; SD and range are not confidence intervals
inductive,seen_unseen,all_pairs,negative,protein_size_geomean,spearman,none,none,-0.0622292185870209,0.2280325316247272,-0.277397480951305,0.2961743733692878,5,5,15,ok,595,1168,descriptive; SD and range are not confidence intervals
inductive,seen_unseen,all_pairs,negative,shared_protein_count,partial_spearman,n_proteins_a|n_proteins_b,endpoint_columns,0.0682139400142501,0.123149815110646,-0.073025924842184,0.2418154562082067,5,5,15,ok,595,1168,descriptive; SD and range are not confidence intervals
inductive,seen_unseen,all_pairs,negative,shared_protein_count,partial_spearman,n_proteins_a|n_proteins_b,unordered_minmax,0.0814936303196283,0.0994826574522392,-0.0134598224569818,0.2197049171657596,5,5,15,ok,595,1168,descriptive; SD and range are not confidence intervals
inductive,seen_unseen,all_pairs,negative,shared_protein_count,spearman,none,none,-0.0032559855331088,0.1941121582992663,-0.2172234357207511,0.2616573803017301,5,5,15,ok,595,1168,descriptive; SD and range are not confidence intervals
inductive,seen_unseen,all_pairs,negative,shared_target_count,partial_spearman,n_targets_a|n_targets_b,endpoint_columns,0.1987996444259029,0.0859423061606882,0.0761381503485345,0.2874514979469256,5,5,15,ok,595,1168,descriptive; SD and range are not confidence intervals
inductive,seen_unseen,all_pairs,negative,shared_target_count,partial_spearman,n_targets_a|n_targets_b,unordered_minmax,0.1897260428920203,0.0812399390643004,0.0863694613520225,0.2763805080373554,5,5,15,ok,595,1168,descriptive; SD and range are not confidence intervals
inductive,seen_unseen,all_pairs,negative,shared_target_count,spearman,none,none,0.1855133011627784,0.0998465401708707,0.0687200262956648,0.3136455072603878,5,5,15,ok,595,1168,descriptive; SD and range are not confidence intervals
inductive,seen_unseen,all_pairs,overall,biological_shared_protein_count,partial_spearman,n_biological_proteins_a|n_biological_proteins_b,endpoint_columns,0.0657012946345167,0.0279503285515451,0.0411298575556582,0.1052260845959088,5,5,15,ok,1190,2336,descriptive; SD and range are not confidence intervals
inductive,seen_unseen,all_pairs,overall,biological_shared_protein_count,partial_spearman,n_biological_proteins_a|n_biological_proteins_b,unordered_minmax,0.2127821786981756,0.0173383210989259,0.1989109182019758,0.2323591765791743,5,5,15,ok,1190,2336,descriptive; SD and range are not confidence intervals
inductive,seen_unseen,all_pairs,overall,biological_shared_protein_count,partial_spearman,n_biological_proteins_a|n_biological_proteins_b|either_biological_size_zero,endpoint_columns_plus_zero,0.2195544276264062,0.0742460746799416,0.1320766011934714,0.3026184657886899,5,5,15,ok,1190,2336,descriptive; SD and range are not confidence intervals
inductive,seen_unseen,all_pairs,overall,biological_shared_protein_count,partial_spearman,n_biological_proteins_a|n_biological_proteins_b|either_biological_size_zero,unordered_minmax_plus_zero,0.2596154133625088,0.0557886069713921,0.1979356514592259,0.3260293502002948,5,5,15,ok,1190,2336,descriptive; SD and range are not confidence intervals
inductive,seen_unseen,all_pairs,overall,biological_shared_protein_count,spearman,none,none,-0.17112928223047,0.0603630334176156,-0.2248092916558093,-0.0744093327230758,5,5,15,ok,1190,2336,descriptive; SD and range are not confidence intervals
inductive,seen_unseen,all_pairs,overall,protein_jaccard,spearman,none,none,-0.1259191638274845,0.0485957282003272,-0.1749417844358791,-0.072134468639733,5,5,15,ok,1183,2316,descriptive; SD and range are not confidence intervals
inductive,seen_unseen,all_pairs,overall,protein_size_geomean,spearman,none,none,-0.3171571795175145,0.0710978192652601,-0.3699838172324968,-0.1965208861506982,5,5,15,ok,1190,2336,descriptive; SD and range are not confidence intervals
inductive,seen_unseen,all_pairs,overall,shared_protein_count,partial_spearman,n_proteins_a|n_proteins_b,endpoint_columns,0.0657012946345167,0.0279503285515451,0.0411298575556582,0.1052260845959088,5,5,15,ok,1190,2336,descriptive; SD and range are not confidence intervals
inductive,seen_unseen,all_pairs,overall,shared_protein_count,partial_spearman,n_proteins_a|n_proteins_b,unordered_minmax,0.2127821786981756,0.0173383210989259,0.1989109182019758,0.2323591765791743,5,5,15,ok,1190,2336,descriptive; SD and range are not confidence intervals
inductive,seen_unseen,all_pairs,overall,shared_protein_count,spearman,none,none,-0.17112928223047,0.0603630334176156,-0.2248092916558093,-0.0744093327230758,5,5,15,ok,1190,2336,descriptive; SD and range are not confidence intervals
inductive,seen_unseen,all_pairs,overall,shared_target_count,partial_spearman,n_targets_a|n_targets_b,endpoint_columns,0.3079136469577582,0.04517758650052,0.235152285158628,0.3572174100640195,5,5,15,ok,1190,2336,descriptive; SD and range are not confidence intervals
inductive,seen_unseen,all_pairs,overall,shared_target_count,partial_spearman,n_targets_a|n_targets_b,unordered_minmax,0.3558436184868222,0.0500260722065933,0.2789690254854741,0.4146812440636235,5,5,15,ok,1190,2336,descriptive; SD and range are not confidence intervals
inductive,seen_unseen,all_pairs,overall,shared_target_count,spearman,none,none,0.1680441663552875,0.023879080709736,0.1315039693005015,0.1918923051820076,5,5,15,ok,1190,2336,descriptive; SD and range are not confidence intervals
inductive,seen_unseen,all_pairs,positive,biological_shared_protein_count,partial_spearman,n_biological_proteins_a|n_biological_proteins_b,endpoint_columns,-0.0244392285812759,0.06311079469388,-0.0948761520942219,0.0780578805300069,5,5,15,ok,595,1168,descriptive; SD and range are not confidence intervals
inductive,seen_unseen,all_pairs,positive,biological_shared_protein_count,partial_spearman,n_biological_proteins_a|n_biological_proteins_b,unordered_minmax,0.2401261271222075,0.0315820153151806,0.1995065833811401,0.2825506229362198,5,5,15,ok,595,1168,descriptive; SD and range are not confidence intervals
inductive,seen_unseen,all_pairs,positive,biological_shared_protein_count,spearman,none,none,-0.3823782859510729,0.0406083482663132,-0.4223519495641286,-0.3167908882232605,5,5,15,ok,595,1168,descriptive; SD and range are not confidence intervals
inductive,seen_unseen,all_pairs,positive,protein_jaccard,spearman,none,none,-0.3470008267143468,0.0441089854422065,-0.3870980761451706,-0.2724315977001266,5,5,15,ok,588,1148,descriptive; SD and range are not confidence intervals
inductive,seen_unseen,all_pairs,positive,protein_size_geomean,spearman,none,none,-0.5236974633095144,0.031983912826018,-0.5706188566287644,-0.4836663238641048,5,5,15,ok,595,1168,descriptive; SD and range are not confidence intervals
inductive,seen_unseen,all_pairs,positive,shared_protein_count,partial_spearman,n_proteins_a|n_proteins_b,endpoint_columns,-0.0244392285812759,0.06311079469388,-0.0948761520942219,0.0780578805300069,5,5,15,ok,595,1168,descriptive; SD and range are not confidence intervals
inductive,seen_unseen,all_pairs,positive,shared_protein_count,partial_spearman,n_proteins_a|n_proteins_b,unordered_minmax,0.2401261271222075,0.0315820153151806,0.1995065833811401,0.2825506229362198,5,5,15,ok,595,1168,descriptive; SD and range are not confidence intervals
inductive,seen_unseen,all_pairs,positive,shared_protein_count,spearman,none,none,-0.3823782859510729,0.0406083482663132,-0.4223519495641286,-0.3167908882232605,5,5,15,ok,595,1168,descriptive; SD and range are not confidence intervals
inductive,seen_unseen,all_pairs,positive,shared_target_count,partial_spearman,n_targets_a|n_targets_b,endpoint_columns,0.2843337248296693,0.0442466313489239,0.2486640187412298,0.3604729254770211,5,5,15,ok,595,1168,descriptive; SD and range are not confidence intervals
inductive,seen_unseen,all_pairs,positive,shared_target_count,partial_spearman,n_targets_a|n_targets_b,unordered_minmax,0.4167376871187328,0.0465511144762863,0.349828944470367,0.4749158893103513,5,5,15,ok,595,1168,descriptive; SD and range are not confidence intervals
inductive,seen_unseen,all_pairs,positive,shared_target_count,spearman,none,none,-0.0637367319181733,0.0409970505850893,-0.1091969654168634,-0.0053851694167783,5,5,15,ok,595,1168,descriptive; SD and range are not confidence intervals
inductive,seen_unseen,both_have_targets,negative,biological_shared_protein_count,partial_spearman,n_biological_proteins_a|n_biological_proteins_b,endpoint_columns,0.0682139400142501,0.123149815110646,-0.073025924842184,0.2418154562082067,5,5,15,ok,595,1168,descriptive; SD and range are not confidence intervals
inductive,seen_unseen,both_have_targets,negative,biological_shared_protein_count,partial_spearman,n_biological_proteins_a|n_biological_proteins_b,unordered_minmax,0.0814936303196283,0.0994826574522392,-0.0134598224569818,0.2197049171657596,5,5,15,ok,595,1168,descriptive; SD and range are not confidence intervals
inductive,seen_unseen,both_have_targets,negative,biological_shared_protein_count,spearman,none,none,-0.0032559855331088,0.1941121582992663,-0.2172234357207511,0.2616573803017301,5,5,15,ok,595,1168,descriptive; SD and range are not confidence intervals
inductive,seen_unseen,both_have_targets,negative,protein_jaccard,spearman,none,none,0.0230060622204049,0.1567621013417958,-0.1773877193925973,0.1956360591306383,5,5,15,ok,595,1168,descriptive; SD and range are not confidence intervals
inductive,seen_unseen,both_have_targets,negative,protein_size_geomean,spearman,none,none,-0.0622292185870209,0.2280325316247272,-0.277397480951305,0.2961743733692878,5,5,15,ok,595,1168,descriptive; SD and range are not confidence intervals
inductive,seen_unseen,both_have_targets,negative,shared_protein_count,partial_spearman,n_proteins_a|n_proteins_b,endpoint_columns,0.0682139400142501,0.123149815110646,-0.073025924842184,0.2418154562082067,5,5,15,ok,595,1168,descriptive; SD and range are not confidence intervals
inductive,seen_unseen,both_have_targets,negative,shared_protein_count,partial_spearman,n_proteins_a|n_proteins_b,unordered_minmax,0.0814936303196283,0.0994826574522392,-0.0134598224569818,0.2197049171657596,5,5,15,ok,595,1168,descriptive; SD and range are not confidence intervals
inductive,seen_unseen,both_have_targets,negative,shared_protein_count,spearman,none,none,-0.0032559855331088,0.1941121582992663,-0.2172234357207511,0.2616573803017301,5,5,15,ok,595,1168,descriptive; SD and range are not confidence intervals
inductive,seen_unseen,both_have_targets,negative,shared_target_count,partial_spearman,n_targets_a|n_targets_b,endpoint_columns,0.1987996444259029,0.0859423061606882,0.0761381503485345,0.2874514979469256,5,5,15,ok,595,1168,descriptive; SD and range are not confidence intervals
inductive,seen_unseen,both_have_targets,negative,shared_target_count,partial_spearman,n_targets_a|n_targets_b,unordered_minmax,0.1897260428920203,0.0812399390643004,0.0863694613520225,0.2763805080373554,5,5,15,ok,595,1168,descriptive; SD and range are not confidence intervals
inductive,seen_unseen,both_have_targets,negative,shared_target_count,spearman,none,none,0.1855133011627784,0.0998465401708707,0.0687200262956648,0.3136455072603878,5,5,15,ok,595,1168,descriptive; SD and range are not confidence intervals
inductive,seen_unseen,both_have_targets,overall,biological_shared_protein_count,partial_spearman,n_biological_proteins_a|n_biological_proteins_b,endpoint_columns,0.2464932714050279,0.0677616344245482,0.1645267075060267,0.3301241689783137,5,5,15,ok,1031,2048,descriptive; SD and range are not confidence intervals
inductive,seen_unseen,both_have_targets,overall,biological_shared_protein_count,partial_spearman,n_biological_proteins_a|n_biological_proteins_b,unordered_minmax,0.2808514581359305,0.0482032074442987,0.2298915842965248,0.3415380403553066,5,5,15,ok,1031,2048,descriptive; SD and range are not confidence intervals
inductive,seen_unseen,both_have_targets,overall,biological_shared_protein_count,spearman,none,none,0.1719141605833263,0.1178810776131269,0.0386257977745138,0.3247057366820076,5,5,15,ok,1031,2048,descriptive; SD and range are not confidence intervals
inductive,seen_unseen,both_have_targets,overall,protein_jaccard,spearman,none,none,0.2042234371611532,0.1010494842167788,0.076164994212621,0.3080698834939813,5,5,15,ok,1031,2048,descriptive; SD and range are not confidence intervals
inductive,seen_unseen,both_have_targets,overall,protein_size_geomean,spearman,none,none,0.0248955426406169,0.1283008816028342,-0.1120102407317323,0.2171156748439014,5,5,15,ok,1031,2048,descriptive; SD and range are not confidence intervals
inductive,seen_unseen,both_have_targets,overall,shared_protein_count,partial_spearman,n_proteins_a|n_proteins_b,endpoint_columns,0.2464932714050279,0.0677616344245482,0.1645267075060267,0.3301241689783137,5,5,15,ok,1031,2048,descriptive; SD and range are not confidence intervals
inductive,seen_unseen,both_have_targets,overall,shared_protein_count,partial_spearman,n_proteins_a|n_proteins_b,unordered_minmax,0.2808514581359305,0.0482032074442987,0.2298915842965248,0.3415380403553066,5,5,15,ok,1031,2048,descriptive; SD and range are not confidence intervals
inductive,seen_unseen,both_have_targets,overall,shared_protein_count,spearman,none,none,0.1719141605833263,0.1178810776131269,0.0386257977745138,0.3247057366820076,5,5,15,ok,1031,2048,descriptive; SD and range are not confidence intervals
inductive,seen_unseen,both_have_targets,overall,shared_target_count,partial_spearman,n_targets_a|n_targets_b,endpoint_columns,0.3794915160896475,0.0539847348736383,0.2851587699969575,0.4150250283937464,5,5,15,ok,1031,2048,descriptive; SD and range are not confidence intervals
inductive,seen_unseen,both_have_targets,overall,shared_target_count,partial_spearman,n_targets_a|n_targets_b,unordered_minmax,0.3802654884167158,0.0498223526506369,0.2978008559332913,0.4163454147337247,5,5,15,ok,1031,2048,descriptive; SD and range are not confidence intervals
inductive,seen_unseen,both_have_targets,overall,shared_target_count,spearman,none,none,0.386153841933725,0.0586503690485918,0.3010226065886368,0.453467993771298,5,5,15,ok,1031,2048,descriptive; SD and range are not confidence intervals
inductive,seen_unseen,both_have_targets,positive,biological_shared_protein_count,partial_spearman,n_biological_proteins_a|n_biological_proteins_b,endpoint_columns,0.3246446447940155,0.0351423826335708,0.2723957542585626,0.3659005273690594,5,5,15,ok,436,880,descriptive; SD and range are not confidence intervals
inductive,seen_unseen,both_have_targets,positive,biological_shared_protein_count,partial_spearman,n_biological_proteins_a|n_biological_proteins_b,unordered_minmax,0.3728535295358566,0.0221915645733122,0.3411669051350769,0.3949488485161589,5,5,15,ok,436,880,descriptive; SD and range are not confidence intervals
inductive,seen_unseen,both_have_targets,positive,biological_shared_protein_count,spearman,none,none,0.2951581616327985,0.0285432445675207,0.26201392439963,0.3341737648466296,5,5,15,ok,436,880,descriptive; SD and range are not confidence intervals
inductive,seen_unseen,both_have_targets,positive,protein_jaccard,spearman,none,none,0.3013012538048291,0.0286736943835159,0.2781585176111254,0.3396880006337633,5,5,15,ok,436,880,descriptive; SD and range are not confidence intervals
inductive,seen_unseen,both_have_targets,positive,protein_size_geomean,spearman,none,none,0.1148486665564492,0.0341707215855718,0.0602356993244031,0.1473579434480758,5,5,15,ok,436,880,descriptive; SD and range are not confidence intervals
inductive,seen_unseen,both_have_targets,positive,shared_protein_count,partial_spearman,n_proteins_a|n_proteins_b,endpoint_columns,0.3246446447940155,0.0351423826335708,0.2723957542585626,0.3659005273690594,5,5,15,ok,436,880,descriptive; SD and range are not confidence intervals
inductive,seen_unseen,both_have_targets,positive,shared_protein_count,partial_spearman,n_proteins_a|n_proteins_b,unordered_minmax,0.3728535295358566,0.0221915645733122,0.3411669051350769,0.3949488485161589,5,5,15,ok,436,880,descriptive; SD and range are not confidence intervals
inductive,seen_unseen,both_have_targets,positive,shared_protein_count,spearman,none,none,0.2951581616327985,0.0285432445675207,0.26201392439963,0.3341737648466296,5,5,15,ok,436,880,descriptive; SD and range are not confidence intervals
inductive,seen_unseen,both_have_targets,positive,shared_target_count,partial_spearman,n_targets_a|n_targets_b,endpoint_columns,0.4143923313311249,0.0514093577365139,0.351418360157915,0.4890343552744672,5,5,15,ok,436,880,descriptive; SD and range are not confidence intervals
inductive,seen_unseen,both_have_targets,positive,shared_target_count,partial_spearman,n_targets_a|n_targets_b,unordered_minmax,0.4258671021923765,0.0552525156128733,0.3552259102097448,0.5099439170912621,5,5,15,ok,436,880,descriptive; SD and range are not confidence intervals
inductive,seen_unseen,both_have_targets,positive,shared_target_count,spearman,none,none,0.4444477250145276,0.0217253966260467,0.4226214403501103,0.4779264741762777,5,5,15,ok,436,880,descriptive; SD and range are not confidence intervals
inductive,unseen_unseen,all_pairs,negative,biological_shared_protein_count,partial_spearman,n_biological_proteins_a|n_biological_proteins_b,endpoint_columns,0.0421633224337977,0.1592890001177005,-0.1391318342464727,0.2866895526439403,5,5,15,ok,32,138,descriptive; SD and range are not confidence intervals
inductive,unseen_unseen,all_pairs,negative,biological_shared_protein_count,partial_spearman,n_biological_proteins_a|n_biological_proteins_b,unordered_minmax,0.1077199264754334,0.1523224615332473,-0.0658822921943347,0.2879572858691868,5,5,15,ok,32,138,descriptive; SD and range are not confidence intervals
inductive,unseen_unseen,all_pairs,negative,biological_shared_protein_count,spearman,none,none,0.1451178277189487,0.3330452605306429,-0.2292487615350957,0.5475716947687319,5,5,15,ok,32,138,descriptive; SD and range are not confidence intervals
inductive,unseen_unseen,all_pairs,negative,protein_jaccard,spearman,none,none,0.0925215673489045,0.2329786193404421,-0.1866944610772045,0.2911288542276374,5,5,15,ok,32,138,descriptive; SD and range are not confidence intervals
inductive,unseen_unseen,all_pairs,negative,protein_size_geomean,spearman,none,none,0.1282731832657072,0.4316952776866041,-0.3919115816602967,0.6326201162022058,5,5,15,ok,32,138,descriptive; SD and range are not confidence intervals
inductive,unseen_unseen,all_pairs,negative,shared_protein_count,partial_spearman,n_proteins_a|n_proteins_b,endpoint_columns,0.0421633224337977,0.1592890001177005,-0.1391318342464727,0.2866895526439403,5,5,15,ok,32,138,descriptive; SD and range are not confidence intervals
inductive,unseen_unseen,all_pairs,negative,shared_protein_count,partial_spearman,n_proteins_a|n_proteins_b,unordered_minmax,0.1077199264754334,0.1523224615332473,-0.0658822921943347,0.2879572858691868,5,5,15,ok,32,138,descriptive; SD and range are not confidence intervals
inductive,unseen_unseen,all_pairs,negative,shared_protein_count,spearman,none,none,0.1451178277189487,0.3330452605306429,-0.2292487615350957,0.5475716947687319,5,5,15,ok,32,138,descriptive; SD and range are not confidence intervals
inductive,unseen_unseen,all_pairs,negative,shared_target_count,partial_spearman,n_targets_a|n_targets_b,endpoint_columns,0.2585101776838283,0.1729704125806648,0.1114546120749564,0.514288632300525,5,5,15,ok,32,138,descriptive; SD and range are not confidence intervals
inductive,unseen_unseen,all_pairs,negative,shared_target_count,partial_spearman,n_targets_a|n_targets_b,unordered_minmax,0.2516131497445124,0.1858306044321782,0.069787821271118,0.503207799326019,5,5,15,ok,32,138,descriptive; SD and range are not confidence intervals
inductive,unseen_unseen,all_pairs,negative,shared_target_count,spearman,none,none,0.2587500264251203,0.2022625019325847,0.0763575140714101,0.4961718287039907,5,5,15,ok,32,138,descriptive; SD and range are not confidence intervals
inductive,unseen_unseen,all_pairs,overall,biological_shared_protein_count,partial_spearman,n_biological_proteins_a|n_biological_proteins_b,endpoint_columns,0.0458314870433387,0.0877980184769258,-0.0444886510862474,0.1843672242839537,5,5,15,ok,64,276,descriptive; SD and range are not confidence intervals
inductive,unseen_unseen,all_pairs,overall,biological_shared_protein_count,partial_spearman,n_biological_proteins_a|n_biological_proteins_b,unordered_minmax,0.1770620955760358,0.0888194133844685,0.0301360374508486,0.2604810025603173,5,5,15,ok,64,276,descriptive; SD and range are not confidence intervals
inductive,unseen_unseen,all_pairs,overall,biological_shared_protein_count,partial_spearman,n_biological_proteins_a|n_biological_proteins_b|either_biological_size_zero,endpoint_columns_plus_zero,0.1994932221975776,0.0910750273921615,0.0820315827969614,0.3179787414091149,5,5,15,ok,64,276,descriptive; SD and range are not confidence intervals
inductive,unseen_unseen,all_pairs,overall,biological_shared_protein_count,partial_spearman,n_biological_proteins_a|n_biological_proteins_b|either_biological_size_zero,unordered_minmax_plus_zero,0.2371719436359205,0.0908938980886224,0.1406100219921024,0.3660757685371436,5,5,15,ok,64,276,descriptive; SD and range are not confidence intervals
inductive,unseen_unseen,all_pairs,overall,biological_shared_protein_count,spearman,none,none,-0.089506321233628,0.1557553841380984,-0.2397060419991557,0.0860295306864964,5,5,15,ok,64,276,descriptive; SD and range are not confidence intervals
inductive,unseen_unseen,all_pairs,overall,protein_jaccard,spearman,none,none,-0.0816847732313266,0.0930225302684411,-0.1827287853941795,0.0271025789862607,5,5,15,ok,64,273,descriptive; SD and range are not confidence intervals
inductive,unseen_unseen,all_pairs,overall,protein_size_geomean,spearman,none,none,-0.2053348833665869,0.2157048012563008,-0.433765341962603,0.0660142864799954,5,5,15,ok,64,276,descriptive; SD and range are not confidence intervals
inductive,unseen_unseen,all_pairs,overall,shared_protein_count,partial_spearman,n_proteins_a|n_proteins_b,endpoint_columns,0.0458314870433387,0.0877980184769258,-0.0444886510862474,0.1843672242839537,5,5,15,ok,64,276,descriptive; SD and range are not confidence intervals
inductive,unseen_unseen,all_pairs,overall,shared_protein_count,partial_spearman,n_proteins_a|n_proteins_b,unordered_minmax,0.1770620955760358,0.0888194133844685,0.0301360374508486,0.2604810025603173,5,5,15,ok,64,276,descriptive; SD and range are not confidence intervals
inductive,unseen_unseen,all_pairs,overall,shared_protein_count,spearman,none,none,-0.089506321233628,0.1557553841380984,-0.2397060419991557,0.0860295306864964,5,5,15,ok,64,276,descriptive; SD and range are not confidence intervals
inductive,unseen_unseen,all_pairs,overall,shared_target_count,partial_spearman,n_targets_a|n_targets_b,endpoint_columns,0.2840124009388212,0.0696698325320433,0.199649574701532,0.365686189327925,5,5,15,ok,64,276,descriptive; SD and range are not confidence intervals
inductive,unseen_unseen,all_pairs,overall,shared_target_count,partial_spearman,n_targets_a|n_targets_b,unordered_minmax,0.3362298358169394,0.0441621435296584,0.2890472289491422,0.3913969644506787,5,5,15,ok,64,276,descriptive; SD and range are not confidence intervals
inductive,unseen_unseen,all_pairs,overall,shared_target_count,spearman,none,none,0.2001034093126728,0.0588092310421227,0.1341263529920519,0.2839358937553913,5,5,15,ok,64,276,descriptive; SD and range are not confidence intervals
inductive,unseen_unseen,all_pairs,positive,biological_shared_protein_count,partial_spearman,n_biological_proteins_a|n_biological_proteins_b,endpoint_columns,0.0203780932702364,0.0858445014743831,-0.0889825396528098,0.1133227496979127,5,5,15,ok,32,138,descriptive; SD and range are not confidence intervals
inductive,unseen_unseen,all_pairs,positive,biological_shared_protein_count,partial_spearman,n_biological_proteins_a|n_biological_proteins_b,unordered_minmax,0.2176838134850069,0.1376348979871507,-0.0273737391000908,0.2989129762017872,5,5,15,ok,32,138,descriptive; SD and range are not confidence intervals
inductive,unseen_unseen,all_pairs,positive,biological_shared_protein_count,spearman,none,none,-0.308478313750603,0.0775899200344013,-0.4160705799098442,-0.197757213546161,5,5,15,ok,32,138,descriptive; SD and range are not confidence intervals
inductive,unseen_unseen,all_pairs,positive,protein_jaccard,spearman,none,none,-0.2785044673420115,0.0639342855673927,-0.3825623965329576,-0.2096131473892165,5,5,15,ok,32,135,descriptive; SD and range are not confidence intervals
inductive,unseen_unseen,all_pairs,positive,protein_size_geomean,spearman,none,none,-0.4619007246122144,0.107342446333324,-0.5451798847147685,-0.2735736078400858,5,5,15,ok,32,138,descriptive; SD and range are not confidence intervals
inductive,unseen_unseen,all_pairs,positive,shared_protein_count,partial_spearman,n_proteins_a|n_proteins_b,endpoint_columns,0.0203780932702364,0.0858445014743831,-0.0889825396528098,0.1133227496979127,5,5,15,ok,32,138,descriptive; SD and range are not confidence intervals
inductive,unseen_unseen,all_pairs,positive,shared_protein_count,partial_spearman,n_proteins_a|n_proteins_b,unordered_minmax,0.2176838134850069,0.1376348979871507,-0.0273737391000908,0.2989129762017872,5,5,15,ok,32,138,descriptive; SD and range are not confidence intervals
inductive,unseen_unseen,all_pairs,positive,shared_protein_count,spearman,none,none,-0.308478313750603,0.0775899200344013,-0.4160705799098442,-0.197757213546161,5,5,15,ok,32,138,descriptive; SD and range are not confidence intervals
inductive,unseen_unseen,all_pairs,positive,shared_target_count,partial_spearman,n_targets_a|n_targets_b,endpoint_columns,0.2418357864628455,0.1595530847662725,-0.0324291385916578,0.3718488491875815,5,5,15,ok,32,138,descriptive; SD and range are not confidence intervals
inductive,unseen_unseen,all_pairs,positive,shared_target_count,partial_spearman,n_targets_a|n_targets_b,unordered_minmax,0.3687416757154954,0.139698790683854,0.1564080865046552,0.5001223261832157,5,5,15,ok,32,138,descriptive; SD and range are not confidence intervals
inductive,unseen_unseen,all_pairs,positive,shared_target_count,spearman,none,none,0.0016488608931026,0.1140588328028923,-0.188217467636807,0.0908191719791479,5,5,15,ok,32,138,descriptive; SD and range are not confidence intervals
inductive,unseen_unseen,both_have_targets,negative,biological_shared_protein_count,partial_spearman,n_biological_proteins_a|n_biological_proteins_b,endpoint_columns,0.0421633224337977,0.1592890001177005,-0.1391318342464727,0.2866895526439403,5,5,15,ok,32,138,descriptive; SD and range are not confidence intervals
inductive,unseen_unseen,both_have_targets,negative,biological_shared_protein_count,partial_spearman,n_biological_proteins_a|n_biological_proteins_b,unordered_minmax,0.1077199264754334,0.1523224615332473,-0.0658822921943347,0.2879572858691868,5,5,15,ok,32,138,descriptive; SD and range are not confidence intervals
inductive,unseen_unseen,both_have_targets,negative,biological_shared_protein_count,spearman,none,none,0.1451178277189487,0.3330452605306429,-0.2292487615350957,0.5475716947687319,5,5,15,ok,32,138,descriptive; SD and range are not confidence intervals
inductive,unseen_unseen,both_have_targets,negative,protein_jaccard,spearman,none,none,0.0925215673489045,0.2329786193404421,-0.1866944610772045,0.2911288542276374,5,5,15,ok,32,138,descriptive; SD and range are not confidence intervals
inductive,unseen_unseen,both_have_targets,negative,protein_size_geomean,spearman,none,none,0.1282731832657072,0.4316952776866041,-0.3919115816602967,0.6326201162022058,5,5,15,ok,32,138,descriptive; SD and range are not confidence intervals
inductive,unseen_unseen,both_have_targets,negative,shared_protein_count,partial_spearman,n_proteins_a|n_proteins_b,endpoint_columns,0.0421633224337977,0.1592890001177005,-0.1391318342464727,0.2866895526439403,5,5,15,ok,32,138,descriptive; SD and range are not confidence intervals
inductive,unseen_unseen,both_have_targets,negative,shared_protein_count,partial_spearman,n_proteins_a|n_proteins_b,unordered_minmax,0.1077199264754334,0.1523224615332473,-0.0658822921943347,0.2879572858691868,5,5,15,ok,32,138,descriptive; SD and range are not confidence intervals
inductive,unseen_unseen,both_have_targets,negative,shared_protein_count,spearman,none,none,0.1451178277189487,0.3330452605306429,-0.2292487615350957,0.5475716947687319,5,5,15,ok,32,138,descriptive; SD and range are not confidence intervals
inductive,unseen_unseen,both_have_targets,negative,shared_target_count,partial_spearman,n_targets_a|n_targets_b,endpoint_columns,0.2585101776838283,0.1729704125806648,0.1114546120749564,0.514288632300525,5,5,15,ok,32,138,descriptive; SD and range are not confidence intervals
inductive,unseen_unseen,both_have_targets,negative,shared_target_count,partial_spearman,n_targets_a|n_targets_b,unordered_minmax,0.2516131497445124,0.1858306044321782,0.069787821271118,0.503207799326019,5,5,15,ok,32,138,descriptive; SD and range are not confidence intervals
inductive,unseen_unseen,both_have_targets,negative,shared_target_count,spearman,none,none,0.2587500264251203,0.2022625019325847,0.0763575140714101,0.4961718287039907,5,5,15,ok,32,138,descriptive; SD and range are not confidence intervals
inductive,unseen_unseen,both_have_targets,overall,biological_shared_protein_count,partial_spearman,n_biological_proteins_a|n_biological_proteins_b,endpoint_columns,0.2090470003325151,0.0799681963110548,0.1139630210768441,0.3269023161752252,5,5,15,ok,57,245,descriptive; SD and range are not confidence intervals
inductive,unseen_unseen,both_have_targets,overall,biological_shared_protein_count,partial_spearman,n_biological_proteins_a|n_biological_proteins_b,unordered_minmax,0.2537769110475155,0.0916697431083676,0.1476881789747293,0.3743281587382279,5,5,15,ok,57,245,descriptive; SD and range are not confidence intervals
inductive,unseen_unseen,both_have_targets,overall,biological_shared_protein_count,spearman,none,none,0.2595510744312125,0.2261167947912831,0.0213892784447294,0.4765307749394806,5,5,15,ok,57,245,descriptive; SD and range are not confidence intervals
inductive,unseen_unseen,both_have_targets,overall,protein_jaccard,spearman,none,none,0.236461328909666,0.1534068042419365,0.0616485511555305,0.3721354222524873,5,5,15,ok,57,245,descriptive; SD and range are not confidence intervals
inductive,unseen_unseen,both_have_targets,overall,protein_size_geomean,spearman,none,none,0.1547843289473134,0.3089028620157621,-0.1936965206326455,0.5014392637456714,5,5,15,ok,57,245,descriptive; SD and range are not confidence intervals
inductive,unseen_unseen,both_have_targets,overall,shared_protein_count,partial_spearman,n_proteins_a|n_proteins_b,endpoint_columns,0.2090470003325151,0.0799681963110548,0.1139630210768441,0.3269023161752252,5,5,15,ok,57,245,descriptive; SD and range are not confidence intervals
inductive,unseen_unseen,both_have_targets,overall,shared_protein_count,partial_spearman,n_proteins_a|n_proteins_b,unordered_minmax,0.2537769110475155,0.0916697431083676,0.1476881789747293,0.3743281587382279,5,5,15,ok,57,245,descriptive; SD and range are not confidence intervals
inductive,unseen_unseen,both_have_targets,overall,shared_protein_count,spearman,none,none,0.2595510744312125,0.2261167947912831,0.0213892784447294,0.4765307749394806,5,5,15,ok,57,245,descriptive; SD and range are not confidence intervals
inductive,unseen_unseen,both_have_targets,overall,shared_target_count,partial_spearman,n_targets_a|n_targets_b,endpoint_columns,0.3708048797316027,0.0681358807718709,0.2945835693499173,0.4719952269883631,5,5,15,ok,57,245,descriptive; SD and range are not confidence intervals
inductive,unseen_unseen,both_have_targets,overall,shared_target_count,partial_spearman,n_targets_a|n_targets_b,unordered_minmax,0.3813566235935181,0.0557686110621788,0.3305582769823993,0.473082115626377,5,5,15,ok,57,245,descriptive; SD and range are not confidence intervals
inductive,unseen_unseen,both_have_targets,overall,shared_target_count,spearman,none,none,0.3971633875966288,0.0709264909152913,0.3021469905800661,0.4745716722875241,5,5,15,ok,57,245,descriptive; SD and range are not confidence intervals
inductive,unseen_unseen,both_have_targets,positive,biological_shared_protein_count,partial_spearman,n_biological_proteins_a|n_biological_proteins_b,endpoint_columns,0.3432013506669269,0.0764205535389766,0.2413789923386059,0.4432823600143718,5,5,15,ok,25,107,descriptive; SD and range are not confidence intervals
inductive,unseen_unseen,both_have_targets,positive,biological_shared_protein_count,partial_spearman,n_biological_proteins_a|n_biological_proteins_b,unordered_minmax,0.3639471325300395,0.1443436999492232,0.10842637029859,0.4605261389864886,5,5,15,ok,25,107,descriptive; SD and range are not confidence intervals
inductive,unseen_unseen,both_have_targets,positive,biological_shared_protein_count,spearman,none,none,0.364947244843203,0.0797733341854625,0.278934992009955,0.4829786211157236,5,5,15,ok,25,107,descriptive; SD and range are not confidence intervals
inductive,unseen_unseen,both_have_targets,positive,protein_jaccard,spearman,none,none,0.3516229481598183,0.043805960895562,0.2887521248255406,0.4110337570990443,5,5,15,ok,25,107,descriptive; SD and range are not confidence intervals
inductive,unseen_unseen,both_have_targets,positive,protein_size_geomean,spearman,none,none,0.1724902517261358,0.1758193878139393,0.050068085357605,0.476568573775258,5,5,15,ok,25,107,descriptive; SD and range are not confidence intervals
inductive,unseen_unseen,both_have_targets,positive,shared_protein_count,partial_spearman,n_proteins_a|n_proteins_b,endpoint_columns,0.3432013506669269,0.0764205535389766,0.2413789923386059,0.4432823600143718,5,5,15,ok,25,107,descriptive; SD and range are not confidence intervals
inductive,unseen_unseen,both_have_targets,positive,shared_protein_count,partial_spearman,n_proteins_a|n_proteins_b,unordered_minmax,0.3639471325300395,0.1443436999492232,0.10842637029859,0.4605261389864886,5,5,15,ok,25,107,descriptive; SD and range are not confidence intervals
inductive,unseen_unseen,both_have_targets,positive,shared_protein_count,spearman,none,none,0.364947244843203,0.0797733341854625,0.278934992009955,0.4829786211157236,5,5,15,ok,25,107,descriptive; SD and range are not confidence intervals
inductive,unseen_unseen,both_have_targets,positive,shared_target_count,partial_spearman,n_targets_a|n_targets_b,endpoint_columns,0.4035557897567519,0.1516971893054499,0.1836809121430017,0.5580602059480347,5,5,15,ok,25,107,descriptive; SD and range are not confidence intervals
inductive,unseen_unseen,both_have_targets,positive,shared_target_count,partial_spearman,n_targets_a|n_targets_b,unordered_minmax,0.399634951026567,0.1779320402801202,0.124083964586083,0.5645608771780587,5,5,15,ok,25,107,descriptive; SD and range are not confidence intervals
inductive,unseen_unseen,both_have_targets,positive,shared_target_count,spearman,none,none,0.4637366881418187,0.1136395976854939,0.3231168734239558,0.5751560343049121,5,5,15,ok,25,107,descriptive; SD and range are not confidence intervals
