exp,fold,category,model,n,n_pos,n_neg,tp,fp,tn,fn,acc,prec,rec,f1,auc
0,0,low_level-mid_level,baseline,465,186,279,161,13,266,25,0.9182795698924732,0.9252873563218391,0.8655913978494624,0.8944444444444445,0.9622307010444368
0,0,low_level-mid_level,fusion,465,186,279,155,6,273,31,0.9204301075268817,0.9627329192546584,0.8333333333333334,0.8933717579250721,0.9777238216364127
0,0,mid_level-mid_level,baseline,838,428,410,375,28,382,53,0.9033412887828163,0.9305210918114144,0.8761682242990654,0.9025270758122743,0.9693013448826078
0,0,mid_level-mid_level,fusion,838,428,410,366,7,403,62,0.9176610978520287,0.9812332439678284,0.8551401869158879,0.9138576779026217,0.9814736722133576
0,0,deep_level-deep_level,baseline,103,70,33,62,4,29,8,0.883495145631068,0.9393939393939394,0.8857142857142857,0.9117647058823529,0.9606060606060607
0,0,deep_level-deep_level,fusion,103,70,33,62,7,26,8,0.8543689320388349,0.8985507246376812,0.8857142857142857,0.8920863309352518,0.9393939393939393
0,0,mid_level-deep_level,baseline,538,304,234,269,31,203,35,0.8773234200743495,0.8966666666666666,0.8848684210526315,0.890728476821192,0.9530898560503824
0,0,mid_level-deep_level,fusion,538,304,234,277,20,214,27,0.912639405204461,0.9326599326599326,0.9111842105263158,0.9217970049916805,0.9754554655870444
0,0,low_level-deep_level,baseline,150,75,75,68,5,70,7,0.92,0.9315068493150684,0.9066666666666666,0.918918918918919,0.9841777777777778
0,0,low_level-deep_level,fusion,150,75,75,69,1,74,6,0.9533333333333334,0.9857142857142858,0.92,0.9517241379310345,0.9907555555555555
0,0,low_level-low_level,baseline,63,25,38,19,1,37,6,0.8888888888888888,0.95,0.76,0.8444444444444444,0.951578947368421
0,0,low_level-low_level,fusion,63,25,38,19,1,37,6,0.8888888888888888,0.95,0.76,0.8444444444444444,0.9736842105263157
0,1,low_level-mid_level,baseline,406,155,251,132,23,228,23,0.8866995073891626,0.8516129032258064,0.8516129032258064,0.8516129032258064,0.9482714304074027
0,1,low_level-mid_level,fusion,406,155,251,131,9,242,24,0.9187192118226601,0.9357142857142857,0.8451612903225807,0.888135593220339,0.9631024289937027
0,1,mid_level-mid_level,baseline,880,448,432,411,56,376,37,0.8943181818181818,0.880085653104925,0.9174107142857143,0.898360655737705,0.9493479249338623
0,1,mid_level-mid_level,fusion,880,448,432,411,32,400,37,0.9215909090909091,0.927765237020316,0.9174107142857143,0.9225589225589226,0.9739118303571429
0,1,deep_level-deep_level,baseline,97,71,26,66,4,22,5,0.9072164948453608,0.9428571428571428,0.9295774647887324,0.9361702127659575,0.9626218851570965
0,1,deep_level-deep_level,fusion,97,71,26,65,6,20,6,0.8762886597938144,0.9154929577464789,0.9154929577464789,0.9154929577464789,0.9550379198266522
0,1,mid_level-deep_level,baseline,583,331,252,300,34,218,31,0.888507718696398,0.8982035928143712,0.9063444108761329,0.9022556390977443,0.9611926341533592
0,1,mid_level-deep_level,fusion,583,331,252,308,22,230,23,0.9228130360205832,0.9333333333333333,0.9305135951661632,0.9319213313161876,0.976909797151489
0,1,low_level-deep_level,baseline,139,78,61,71,4,57,7,0.920863309352518,0.9466666666666667,0.9102564102564102,0.9281045751633987,0.9859184531315679
0,1,low_level-deep_level,fusion,139,78,61,70,2,59,8,0.9280575539568345,0.9722222222222222,0.8974358974358975,0.9333333333333333,0.974989491382934
0,1,low_level-low_level,baseline,52,19,33,17,4,29,2,0.8846153846153846,0.8095238095238095,0.8947368421052632,0.85,0.9617224880382775
0,1,low_level-low_level,fusion,52,19,33,17,1,32,2,0.9423076923076923,0.9444444444444444,0.8947368421052632,0.918918918918919,0.9505582137161084
0,2,low_level-mid_level,baseline,459,161,298,137,25,273,24,0.8932461873638344,0.845679012345679,0.8509316770186336,0.848297213622291,0.957084497061153
0,2,low_level-mid_level,fusion,459,161,298,137,11,287,24,0.9237472766884531,0.9256756756756757,0.8509316770186336,0.8867313915857605,0.9721955896452541
0,2,mid_level-mid_level,baseline,859,438,421,387,51,370,51,0.8812572759022119,0.8835616438356164,0.8835616438356164,0.8835616438356164,0.9535027494875216
0,2,mid_level-mid_level,fusion,859,438,421,383,20,401,55,0.9126891734575088,0.9503722084367245,0.8744292237442922,0.9108204518430439,0.9723532793197323
0,2,deep_level-deep_level,baseline,97,61,36,56,10,26,5,0.845360824742268,0.8484848484848485,0.9180327868852459,0.8818897637795275,0.9644808743169399
0,2,deep_level-deep_level,fusion,97,61,36,59,6,30,2,0.9175257731958762,0.9076923076923077,0.9672131147540983,0.9365079365079365,0.9858834244080146
0,2,mid_level-deep_level,baseline,546,311,235,290,36,199,21,0.8956043956043956,0.8895705521472392,0.932475884244373,0.9105180533751962,0.9574194431141821
0,2,mid_level-deep_level,fusion,546,311,235,286,20,215,25,0.9175824175824175,0.934640522875817,0.9196141479099679,0.9270664505672609,0.9661353218854757
0,2,low_level-deep_level,baseline,127,64,63,52,4,59,12,0.8740157480314961,0.9285714285714286,0.8125,0.8666666666666667,0.9417162698412699
0,2,low_level-deep_level,fusion,127,64,63,57,0,63,7,0.9448818897637795,1.0,0.890625,0.9421487603305785,0.9704861111111112
0,2,low_level-low_level,baseline,68,24,44,16,4,40,8,0.8235294117647058,0.8,0.6666666666666666,0.7272727272727273,0.9015151515151515
0,2,low_level-low_level,fusion,68,24,44,21,2,42,3,0.9264705882352942,0.9130434782608695,0.875,0.8936170212765957,0.9545454545454545
0,3,low_level-mid_level,baseline,420,167,253,146,18,235,21,0.9071428571428571,0.8902439024390244,0.874251497005988,0.8821752265861027,0.9583441812028118
0,3,low_level-mid_level,fusion,420,167,253,139,12,241,28,0.9047619047619048,0.9205298013245033,0.8323353293413174,0.8742138364779874,0.9722373434948285
0,3,mid_level-mid_level,baseline,886,448,438,397,52,386,51,0.8837471783295711,0.8841870824053452,0.8861607142857143,0.8851727982162765,0.9558259947814742
0,3,mid_level-mid_level,fusion,886,448,438,416,21,417,32,0.9401805869074492,0.9519450800915332,0.9285714285714286,0.9401129943502825,0.9813503954664057
0,3,deep_level-deep_level,baseline,92,62,30,58,8,22,4,0.8695652173913043,0.8787878787878788,0.9354838709677419,0.90625,0.9231182795698925
0,3,deep_level-deep_level,fusion,92,62,30,58,5,25,4,0.9021739130434783,0.9206349206349206,0.9354838709677419,0.928,0.9607526881720431
0,3,mid_level-deep_level,baseline,552,324,228,297,23,205,27,0.9094202898550725,0.928125,0.9166666666666666,0.922360248447205,0.9640594541910331
0,3,mid_level-deep_level,fusion,552,324,228,306,8,220,18,0.9528985507246377,0.9745222929936306,0.9444444444444444,0.9592476489028213,0.9833360407190816
0,3,low_level-deep_level,baseline,136,60,76,55,9,67,5,0.8970588235294118,0.859375,0.9166666666666666,0.8870967741935484,0.9668859649122807
0,3,low_level-deep_level,fusion,136,60,76,55,2,74,5,0.9485294117647058,0.9649122807017544,0.9166666666666666,0.9401709401709402,0.9870614035087719
0,3,low_level-low_level,baseline,70,36,34,31,3,31,5,0.8857142857142857,0.9117647058823529,0.8611111111111112,0.8857142857142857,0.9550653594771241
0,3,low_level-low_level,fusion,70,36,34,33,0,34,3,0.9571428571428572,1.0,0.9166666666666666,0.9565217391304348,0.986111111111111
0,4,low_level-mid_level,baseline,438,166,272,142,19,253,24,0.9018264840182648,0.8819875776397516,0.8554216867469879,0.8685015290519877,0.9659372785258681
0,4,low_level-mid_level,fusion,438,166,272,148,14,258,18,0.9269406392694064,0.9135802469135802,0.891566265060241,0.9024390243902439,0.9750841601700921
0,4,mid_level-mid_level,baseline,856,410,446,356,48,398,54,0.8808411214953271,0.8811881188118812,0.8682926829268293,0.8746928746928747,0.9458520179372197
0,4,mid_level-mid_level,fusion,856,410,446,374,41,405,36,0.9100467289719626,0.9012048192771084,0.9121951219512195,0.9066666666666666,0.9703489007984251
0,4,deep_level-deep_level,baseline,90,60,30,54,2,28,6,0.9111111111111111,0.9642857142857143,0.9,0.9310344827586207,0.9666666666666668
0,4,deep_level-deep_level,fusion,90,60,30,52,9,21,8,0.8111111111111111,0.8524590163934426,0.8666666666666667,0.859504132231405,0.9183333333333333
0,4,mid_level-deep_level,baseline,561,323,238,294,25,213,29,0.9037433155080213,0.9216300940438872,0.9102167182662538,0.9158878504672897,0.9583864505554545
0,4,mid_level-deep_level,fusion,561,323,238,301,25,213,22,0.9162210338680927,0.9233128834355828,0.9318885448916409,0.9275808936825886,0.9713817415511096
0,4,low_level-deep_level,baseline,146,68,78,64,2,76,4,0.958904109589041,0.9696969696969697,0.9411764705882353,0.9552238805970149,0.9928355957767722
0,4,low_level-deep_level,fusion,146,68,78,66,2,76,2,0.9726027397260274,0.9705882352941176,0.9705882352941176,0.9705882352941176,0.9956636500754148
0,4,low_level-low_level,baseline,65,18,47,13,2,45,5,0.8923076923076924,0.8666666666666667,0.7222222222222222,0.7878787878787878,0.9408983451536643
0,4,low_level-low_level,fusion,65,18,47,14,3,44,4,0.8923076923076924,0.8235294117647058,0.7777777777777778,0.8,0.9716312056737589
1,0,low_level-mid_level,baseline,465,186,279,159,23,256,27,0.8924731182795699,0.8736263736263736,0.8548387096774194,0.8641304347826086,0.9599182949859328
1,0,low_level-mid_level,fusion,465,186,279,159,3,276,27,0.9354838709677419,0.9814814814814815,0.8548387096774194,0.9137931034482759,0.9698616410374995
1,0,mid_level-mid_level,baseline,838,428,410,389,43,367,39,0.9021479713603818,0.9004629629629629,0.9088785046728972,0.9046511627906977,0.9691816731251425
1,0,mid_level-mid_level,fusion,838,428,410,371,4,406,57,0.9272076372315036,0.9893333333333333,0.866822429906542,0.9240348692403487,0.9827786642352405
1,0,deep_level-deep_level,baseline,103,70,33,65,3,30,5,0.9223300970873787,0.9558823529411765,0.9285714285714286,0.9420289855072463,0.9575757575757576
1,0,deep_level-deep_level,fusion,103,70,33,60,1,32,10,0.8932038834951457,0.9836065573770492,0.8571428571428571,0.916030534351145,0.9575757575757575
1,0,mid_level-deep_level,baseline,538,304,234,269,31,203,35,0.8773234200743495,0.8966666666666666,0.8848684210526315,0.890728476821192,0.9498284975258658
1,0,mid_level-deep_level,fusion,538,304,234,276,9,225,28,0.9312267657992565,0.968421052631579,0.9078947368421053,0.9371816638370118,0.9805372807017544
1,0,low_level-deep_level,baseline,150,75,75,66,4,71,9,0.9133333333333333,0.9428571428571428,0.88,0.9103448275862069,0.9763555555555555
1,0,low_level-deep_level,fusion,150,75,75,68,0,75,7,0.9533333333333334,1.0,0.9066666666666666,0.951048951048951,0.9934222222222222
1,0,low_level-low_level,baseline,63,25,38,19,2,36,6,0.873015873015873,0.9047619047619048,0.76,0.8260869565217391,0.9157894736842105
1,0,low_level-low_level,fusion,63,25,38,18,1,37,7,0.873015873015873,0.9473684210526315,0.72,0.8181818181818182,0.963157894736842
1,1,low_level-mid_level,baseline,406,155,251,122,18,233,33,0.874384236453202,0.8714285714285714,0.7870967741935484,0.8271186440677966,0.9433620357280554
1,1,low_level-mid_level,fusion,406,155,251,128,4,247,27,0.9236453201970444,0.9696969696969697,0.8258064516129032,0.89198606271777,0.967343529109369
1,1,mid_level-mid_level,baseline,880,448,432,390,51,381,58,0.8761363636363636,0.8843537414965986,0.8705357142857143,0.8773903262092239,0.9558066716269841
1,1,mid_level-mid_level,fusion,880,448,432,401,22,410,47,0.9215909090909091,0.9479905437352246,0.8950892857142857,0.9207807118254879,0.9707082919973546
1,1,deep_level-deep_level,baseline,97,71,26,64,6,20,7,0.865979381443299,0.9142857142857143,0.9014084507042254,0.9078014184397163,0.9284940411700975
1,1,deep_level-deep_level,fusion,97,71,26,65,3,23,6,0.9072164948453608,0.9558823529411765,0.9154929577464789,0.935251798561151,0.9685807150595883
1,1,mid_level-deep_level,baseline,583,331,252,287,31,221,44,0.8713550600343053,0.9025157232704403,0.8670694864048338,0.884437596302003,0.9575001198868268
1,1,mid_level-deep_level,fusion,583,331,252,311,17,235,20,0.9365351629502573,0.948170731707317,0.9395770392749244,0.9438543247344461,0.9768138876900205
1,1,low_level-deep_level,baseline,139,78,61,67,2,59,11,0.9064748201438849,0.9710144927536232,0.8589743589743589,0.9115646258503401,0.9724674232870953
1,1,low_level-deep_level,fusion,139,78,61,69,1,60,9,0.9280575539568345,0.9857142857142858,0.8846153846153846,0.9324324324324325,0.9819251786464901
1,1,low_level-low_level,baseline,52,19,33,16,4,29,3,0.8653846153846154,0.8,0.8421052631578947,0.8205128205128205,0.9473684210526315
1,1,low_level-low_level,fusion,52,19,33,16,1,32,3,0.9230769230769231,0.9411764705882353,0.8421052631578947,0.8888888888888888,0.9696969696969697
1,2,low_level-mid_level,baseline,459,161,298,138,25,273,23,0.8954248366013072,0.8466257668711656,0.8571428571428571,0.8518518518518519,0.9566051106757263
1,2,low_level-mid_level,fusion,459,161,298,124,1,297,37,0.9172113289760349,0.992,0.7701863354037267,0.8671328671328671,0.9775313685439159
1,2,mid_level-mid_level,baseline,859,438,421,384,44,377,54,0.8859138533178114,0.897196261682243,0.8767123287671232,0.8868360277136259,0.9589854553737026
1,2,mid_level-mid_level,fusion,859,438,421,365,13,408,73,0.89988358556461,0.9656084656084656,0.8333333333333334,0.8946078431372549,0.9740073102745149
1,2,deep_level-deep_level,baseline,97,61,36,56,8,28,5,0.865979381443299,0.875,0.9180327868852459,0.896,0.9612932604735884
1,2,deep_level-deep_level,fusion,97,61,36,57,2,34,4,0.9381443298969072,0.9661016949152542,0.9344262295081968,0.95,0.9836065573770492
1,2,mid_level-deep_level,baseline,546,311,235,286,34,201,25,0.891941391941392,0.89375,0.9196141479099679,0.9064976228209192,0.9604022713279059
1,2,mid_level-deep_level,fusion,546,311,235,261,13,222,50,0.8846153846153846,0.9525547445255474,0.8392282958199357,0.8923076923076924,0.9654922350687556
1,2,low_level-deep_level,baseline,127,64,63,53,6,57,11,0.8661417322834646,0.8983050847457628,0.828125,0.8617886178861789,0.9109623015873016
1,2,low_level-deep_level,fusion,127,64,63,52,0,63,12,0.905511811023622,1.0,0.8125,0.896551724137931,0.9322916666666666
1,2,low_level-low_level,baseline,68,24,44,16,4,40,8,0.8235294117647058,0.8,0.6666666666666666,0.7272727272727273,0.8958333333333333
1,2,low_level-low_level,fusion,68,24,44,20,1,43,4,0.9264705882352942,0.9523809523809523,0.8333333333333334,0.8888888888888888,0.9734848484848485
1,3,low_level-mid_level,baseline,420,167,253,148,26,227,19,0.8928571428571429,0.8505747126436781,0.8862275449101796,0.8680351906158358,0.9559773733166078
1,3,low_level-mid_level,fusion,420,167,253,141,11,242,26,0.9119047619047619,0.9276315789473685,0.844311377245509,0.8840125391849529,0.9684977870346263
1,3,mid_level-mid_level,baseline,886,448,438,399,53,385,49,0.8848758465011287,0.8827433628318584,0.890625,0.8866666666666667,0.9542053979125897
1,3,mid_level-mid_level,fusion,886,448,438,408,21,417,40,0.9311512415349887,0.951048951048951,0.9107142857142857,0.9304446978335233,0.9743125203848664
1,3,deep_level-deep_level,baseline,92,62,30,58,7,23,4,0.8804347826086957,0.8923076923076924,0.9354838709677419,0.9133858267716536,0.9150537634408602
1,3,deep_level-deep_level,fusion,92,62,30,57,3,27,5,0.9130434782608695,0.95,0.9193548387096774,0.9344262295081968,0.9559139784946236
1,3,mid_level-deep_level,baseline,552,324,228,301,30,198,23,0.9039855072463768,0.9093655589123867,0.9290123456790124,0.9190839694656489,0.960066060212259
1,3,mid_level-deep_level,fusion,552,324,228,300,10,218,24,0.9384057971014492,0.967741935483871,0.9259259259259259,0.9463722397476341,0.9822666233484947
1,3,low_level-deep_level,baseline,136,60,76,54,9,67,6,0.8897058823529411,0.8571428571428571,0.9,0.8780487804878049,0.974780701754386
1,3,low_level-deep_level,fusion,136,60,76,53,5,71,7,0.9117647058823529,0.9137931034482759,0.8833333333333333,0.8983050847457628,0.9820175438596492
1,3,low_level-low_level,baseline,70,36,34,31,3,31,5,0.8857142857142857,0.9117647058823529,0.8611111111111112,0.8857142857142857,0.9591503267973855
1,3,low_level-low_level,fusion,70,36,34,32,0,34,4,0.9428571428571428,1.0,0.8888888888888888,0.9411764705882353,0.9787581699346405
1,4,low_level-mid_level,baseline,438,166,272,141,18,254,25,0.9018264840182648,0.8867924528301887,0.8493975903614458,0.8676923076923077,0.9587836640680368
1,4,low_level-mid_level,fusion,438,166,272,147,8,264,19,0.9383561643835616,0.9483870967741935,0.8855421686746988,0.9158878504672897,0.9751506024096386
1,4,mid_level-mid_level,baseline,856,410,446,362,53,393,48,0.8820093457943925,0.8722891566265061,0.8829268292682927,0.8775757575757576,0.9428989390790768
1,4,mid_level-mid_level,fusion,856,410,446,365,36,410,45,0.905373831775701,0.9102244389027432,0.8902439024390244,0.9001233045622689,0.9662200590615772
1,4,deep_level-deep_level,baseline,90,60,30,51,4,26,9,0.8555555555555555,0.9272727272727272,0.85,0.8869565217391304,0.9483333333333331
1,4,deep_level-deep_level,fusion,90,60,30,52,6,24,8,0.8444444444444444,0.896551724137931,0.8666666666666667,0.8813559322033898,0.9344444444444444
1,4,mid_level-deep_level,baseline,561,323,238,290,31,207,33,0.8859180035650623,0.9034267912772586,0.8978328173374613,0.9006211180124224,0.953508338319848
1,4,mid_level-deep_level,fusion,561,323,238,301,19,219,22,0.9269162210338681,0.940625,0.9318885448916409,0.9362363919129082,0.975453339230429
1,4,low_level-deep_level,baseline,146,68,78,60,4,74,8,0.9178082191780822,0.9375,0.8823529411764706,0.9090909090909091,0.9856711915535444
1,4,low_level-deep_level,fusion,146,68,78,66,3,75,2,0.9657534246575342,0.9565217391304348,0.9705882352941176,0.9635036496350365,0.9979260935143288
1,4,low_level-low_level,baseline,65,18,47,15,2,45,3,0.9230769230769231,0.8823529411764706,0.8333333333333334,0.8571428571428571,0.9728132387706856
1,4,low_level-low_level,fusion,65,18,47,15,0,47,3,0.9538461538461539,1.0,0.8333333333333334,0.9090909090909091,0.9846335697399528
