category,model_a,model_b,metric,family,estimate,ci_low,ci_high,p_raw,status,n_folds,confidence,interval_kind,se,df,p_holm,family_size,stars,direction
overall,full_fusion,no_ddi_fusion,auc,edge_types_overall_primary,-0.0008592662721893563,-0.00394018329700126,0.002221650752622548,0.5702302539744698,ok_approximate_cv,25,0.95,pointwise_approximate_corrected_cv,0.0014927657211901203,24,1.0,10,,b_higher
overall,full_fusion,no_ddi_fusion,f1,edge_types_overall_primary,-0.0016463781405080757,-0.01069280282929621,0.007400046548280057,0.7105038748568462,ok_approximate_cv,25,0.95,pointwise_approximate_corrected_cv,0.004383173115665257,24,1.0,10,,b_higher
overall,full_fusion,ddi_only_fusion,auc,edge_types_overall_primary,0.00035332544378694484,-0.0022582736061114764,0.0029649244936853663,0.7824630744393267,ok_approximate_cv,25,0.95,pointwise_approximate_corrected_cv,0.001265371805791836,24,1.0,10,,a_higher
overall,full_fusion,ddi_only_fusion,f1,edge_types_overall_primary,0.0007404558293127562,-0.00920302958945928,0.010683941248084793,0.8791382743497214,ok_approximate_cv,25,0.95,pointwise_approximate_corrected_cv,0.004817816923583944,24,1.0,10,,a_higher
overall,full_topo_only,no_ddi_topo_only,auc,edge_types_overall_primary,0.07065476923076924,0.05696867035067627,0.08434086811086222,1.4039649960088282e-10,ok_approximate_cv,25,0.95,pointwise_approximate_corrected_cv,0.0066311877601664985,24,1.4039649960088282e-09,10,**,a_higher
overall,full_topo_only,no_ddi_topo_only,f1,edge_types_overall_primary,0.09514995481107262,0.0722192857174096,0.11808062390473564,9.254024142361827e-09,ok_approximate_cv,25,0.95,pointwise_approximate_corrected_cv,0.011110366332914692,24,8.328621728125644e-08,10,**,a_higher
overall,full_topo_only,ddi_only_topo_only,auc,edge_types_overall_primary,0.007382295857988144,-0.004224249421248916,0.018988841137225203,0.2016876318925924,ok_approximate_cv,25,0.95,pointwise_approximate_corrected_cv,0.005623602581554066,24,1.0,10,,a_higher
overall,full_topo_only,ddi_only_topo_only,f1,edge_types_overall_primary,0.001695570361610743,-0.016864616992821817,0.0202557577160433,0.8520323994004406,ok_approximate_cv,25,0.95,pointwise_approximate_corrected_cv,0.00899278079819588,24,1.0,10,,a_higher
overall,no_ddi_fusion,mesh_only,auc,edge_types_overall_primary,0.022742911242603553,0.01692040343708247,0.028565419048124634,2.7542385331769534e-08,ok_approximate_cv,25,0.95,pointwise_approximate_corrected_cv,0.002821121112138495,24,2.2033908265415627e-07,10,**,a_higher
overall,no_ddi_fusion,mesh_only,f1,edge_types_overall_primary,0.04821277111097291,0.032826151932157634,0.0635993902897882,1.0930994974660648e-06,ok_approximate_cv,25,0.95,pointwise_approximate_corrected_cv,0.007455123747301896,24,7.651696482262453e-06,10,**,a_higher
