category,model,split_repeat,fold,training_seed,inference_protocol,n_outer_train,n_outer_test,auc,f1,prec,rec
low_level-deep_level,baseline,0,0,42000000000,cv,5200,1300,0.9554017685505576,0.8737864077669902,0.8653846153846154,0.8823529411764706
low_level-deep_level,fusion,0,0,42000000000,cv,5200,1300,0.987697039600154,0.9306930693069309,0.94,0.9215686274509804
low_level-deep_level,topo_only,0,0,42000000000,cv,5200,1300,0.9646289888504422,0.8910891089108911,0.9,0.8823529411764706
low_level-deep_level,common_neighbors,0,0,42000000000,cv,5200,1300,0.8998462129950019,0.831858407079646,0.7580645161290323,0.9215686274509804
low_level-deep_level,degree_product,0,0,42000000000,cv,5200,1300,0.740484429065744,0.7226890756302521,0.6323529411764706,0.8431372549019608
low_level-mid_level,baseline,0,0,42000000000,cv,5200,1300,0.9639451457633276,0.8632478632478633,0.8938053097345132,0.8347107438016529
low_level-mid_level,fusion,0,0,42000000000,cv,5200,1300,0.9896921260557624,0.9437229437229436,0.990909090909091,0.9008264462809916
low_level-mid_level,topo_only,0,0,42000000000,cv,5200,1300,0.9528653165016802,0.8170212765957446,0.8421052631578947,0.7933884297520661
low_level-mid_level,common_neighbors,0,0,42000000000,cv,5200,1300,0.8801198801198801,0.7692307692307693,0.753968253968254,0.7851239669421488
low_level-mid_level,degree_product,0,0,42000000000,cv,5200,1300,0.7601035328308056,0.644927536231884,0.5741935483870968,0.7355371900826446
mid_level-mid_level,baseline,0,0,42000000000,cv,5200,1300,0.9796480847088134,0.9178356713426854,0.9087301587301588,0.9271255060728744
mid_level-mid_level,fusion,0,0,42000000000,cv,5200,1300,0.9920585487387108,0.9568788501026694,0.9708333333333332,0.9433198380566802
mid_level-mid_level,topo_only,0,0,42000000000,cv,5200,1300,0.9326066645904704,0.8488612836438924,0.8686440677966102,0.8299595141700404
mid_level-mid_level,common_neighbors,0,0,42000000000,cv,5200,1300,0.903480224229212,0.811214953271028,0.7534722222222222,0.8785425101214575
mid_level-mid_level,degree_product,0,0,42000000000,cv,5200,1300,0.7882746807848022,0.7300509337860781,0.6286549707602339,0.8704453441295547
mid_level-deep_level,baseline,0,0,42000000000,cv,5200,1300,0.9659338662790696,0.9279538904899136,0.92,0.936046511627907
mid_level-deep_level,fusion,0,0,42000000000,cv,5200,1300,0.9841933139534884,0.9593023255813954,0.9593023255813954,0.9593023255813954
mid_level-deep_level,topo_only,0,0,42000000000,cv,5200,1300,0.9391351744186048,0.8783382789317508,0.896969696969697,0.8604651162790697
mid_level-deep_level,common_neighbors,0,0,42000000000,cv,5200,1300,0.9084529433139537,0.8449197860962567,0.7821782178217822,0.9186046511627908
mid_level-deep_level,degree_product,0,0,42000000000,cv,5200,1300,0.7943768168604651,0.7949367088607595,0.7040358744394619,0.9127906976744186
low_level-low_level,baseline,0,0,42000000000,cv,5200,1300,0.962406015037594,0.9,0.9473684210526316,0.8571428571428571
low_level-low_level,fusion,0,0,42000000000,cv,5200,1300,0.9548872180451128,0.926829268292683,0.95,0.9047619047619048
low_level-low_level,topo_only,0,0,42000000000,cv,5200,1300,0.9699248120300752,0.8947368421052632,1.0,0.8095238095238095
low_level-low_level,common_neighbors,0,0,42000000000,cv,5200,1300,0.9398496240601504,0.8333333333333334,1.0,0.7142857142857143
low_level-low_level,degree_product,0,0,42000000000,cv,5200,1300,0.8671679197994988,0.7428571428571429,0.9285714285714286,0.6190476190476191
deep_level-deep_level,baseline,0,0,42000000000,cv,5200,1300,0.9421052631578948,0.918918918918919,0.9444444444444444,0.8947368421052632
deep_level-deep_level,fusion,0,0,42000000000,cv,5200,1300,0.9815789473684212,0.9866666666666668,1.0,0.9736842105263158
deep_level-deep_level,topo_only,0,0,42000000000,cv,5200,1300,0.9710526315789472,0.9014084507042254,0.9696969696969696,0.8421052631578947
deep_level-deep_level,common_neighbors,0,0,42000000000,cv,5200,1300,0.925,0.9230769230769232,0.9,0.9473684210526316
deep_level-deep_level,degree_product,0,0,42000000000,cv,5200,1300,0.8105263157894737,0.9113924050632912,0.8780487804878049,0.9473684210526316
low_level-deep_level,baseline,0,1,42001000000,cv,5200,1300,0.988116458704694,0.9142857142857144,0.8648648648648649,0.9696969696969696
low_level-deep_level,fusion,0,1,42001000000,cv,5200,1300,1.0,0.9850746268656716,0.9705882352941176,1.0
low_level-deep_level,topo_only,0,1,42001000000,cv,5200,1300,0.9263220439691028,0.84375,0.8709677419354839,0.8181818181818182
low_level-deep_level,common_neighbors,0,1,42001000000,cv,5200,1300,0.8496732026143791,0.7027027027027027,0.6341463414634146,0.7878787878787878
low_level-deep_level,degree_product,0,1,42001000000,cv,5200,1300,0.6714200831847891,0.5432098765432098,0.4583333333333333,0.6666666666666666
low_level-mid_level,baseline,0,1,42001000000,cv,5200,1300,0.9524698077022754,0.8636363636363636,0.8558558558558559,0.8715596330275229
low_level-mid_level,fusion,0,1,42001000000,cv,5200,1300,0.9950759342766808,0.9400921658986175,0.9444444444444444,0.9357798165137616
low_level-mid_level,topo_only,0,1,42001000000,cv,5200,1300,0.905146944487638,0.7853881278538812,0.7818181818181819,0.7889908256880734
low_level-mid_level,common_neighbors,0,1,42001000000,cv,5200,1300,0.8827035712434562,0.7288888888888889,0.7068965517241379,0.7522935779816514
low_level-mid_level,degree_product,0,1,42001000000,cv,5200,1300,0.7541595397294356,0.6065573770491803,0.5481481481481482,0.6788990825688074
mid_level-mid_level,baseline,0,1,42001000000,cv,5200,1300,0.9761997658993368,0.9224652087475148,0.8888888888888888,0.9586776859504132
mid_level-mid_level,fusion,0,1,42001000000,cv,5200,1300,0.9915404533040116,0.9452332657200812,0.9282868525896414,0.962809917355372
mid_level-mid_level,topo_only,0,1,42001000000,cv,5200,1300,0.9333522505586492,0.8477366255144033,0.8442622950819673,0.8512396694214877
mid_level-mid_level,common_neighbors,0,1,42001000000,cv,5200,1300,0.9176834675274004,0.8297455968688845,0.7881040892193308,0.8760330578512396
mid_level-mid_level,degree_product,0,1,42001000000,cv,5200,1300,0.8319795693966587,0.7407407407407407,0.6711409395973155,0.8264462809917356
mid_level-deep_level,baseline,0,1,42001000000,cv,5200,1300,0.9575785906275563,0.927536231884058,0.8930232558139535,0.964824120603015
mid_level-deep_level,fusion,0,1,42001000000,cv,5200,1300,0.9880799345565034,0.9655172413793104,0.9468599033816424,0.984924623115578
mid_level-deep_level,topo_only,0,1,42001000000,cv,5200,1300,0.9248568423512912,0.8804071246819338,0.8917525773195877,0.8693467336683417
mid_level-deep_level,common_neighbors,0,1,42001000000,cv,5200,1300,0.8850843364107358,0.8425925925925926,0.7811158798283262,0.914572864321608
mid_level-deep_level,degree_product,0,1,42001000000,cv,5200,1300,0.7841533247633516,0.8079470198675497,0.7204724409448819,0.9195979899497488
low_level-low_level,baseline,0,1,42001000000,cv,5200,1300,0.9298245614035088,0.8205128205128205,0.8,0.8421052631578947
low_level-low_level,fusion,0,1,42001000000,cv,5200,1300,0.9953216374269006,0.9473684210526316,0.9473684210526316,0.9473684210526316
low_level-low_level,topo_only,0,1,42001000000,cv,5200,1300,0.9719298245614034,0.8780487804878049,0.8181818181818182,0.9473684210526316
low_level-low_level,common_neighbors,0,1,42001000000,cv,5200,1300,0.95906432748538,0.7804878048780488,0.7272727272727273,0.8421052631578947
low_level-low_level,degree_product,0,1,42001000000,cv,5200,1300,0.8128654970760233,0.5909090909090909,0.52,0.6842105263157895
deep_level-deep_level,baseline,0,1,42001000000,cv,5200,1300,0.9805555555555556,0.9484536082474226,0.9387755102040816,0.9583333333333334
deep_level-deep_level,fusion,0,1,42001000000,cv,5200,1300,0.9819444444444444,0.9791666666666666,0.9791666666666666,0.9791666666666666
deep_level-deep_level,topo_only,0,1,42001000000,cv,5200,1300,0.9430555555555556,0.9032258064516128,0.9333333333333332,0.875
deep_level-deep_level,common_neighbors,0,1,42001000000,cv,5200,1300,0.9416666666666668,0.9278350515463918,0.9183673469387756,0.9375
deep_level-deep_level,degree_product,0,1,42001000000,cv,5200,1300,0.8388888888888889,0.9052631578947368,0.9148936170212766,0.8958333333333334
low_level-deep_level,baseline,0,2,42002000000,cv,5200,1300,0.96875,0.8936170212765957,0.9130434782608696,0.875
low_level-deep_level,fusion,0,2,42002000000,cv,5200,1300,0.9807098765432098,0.9130434782608696,0.9545454545454546,0.875
low_level-deep_level,topo_only,0,2,42002000000,cv,5200,1300,0.9278549382716048,0.8842105263157894,0.8936170212765957,0.875
low_level-deep_level,common_neighbors,0,2,42002000000,cv,5200,1300,0.8765432098765432,0.7889908256880734,0.7049180327868853,0.8958333333333334
low_level-deep_level,degree_product,0,2,42002000000,cv,5200,1300,0.7430555555555556,0.6935483870967742,0.5657894736842105,0.8958333333333334
low_level-mid_level,baseline,0,2,42002000000,cv,5200,1300,0.973263368315842,0.87,0.8055555555555556,0.9456521739130436
low_level-mid_level,fusion,0,2,42002000000,cv,5200,1300,0.9835707146426786,0.9273743016759776,0.9540229885057472,0.9021739130434784
low_level-mid_level,topo_only,0,2,42002000000,cv,5200,1300,0.9430909545227386,0.8080808080808081,0.7547169811320755,0.8695652173913043
low_level-mid_level,common_neighbors,0,2,42002000000,cv,5200,1300,0.881559220389805,0.7064220183486238,0.6111111111111112,0.8369565217391305
low_level-mid_level,degree_product,0,2,42002000000,cv,5200,1300,0.7594327836081959,0.6051660516605166,0.4581005586592179,0.8913043478260869
mid_level-mid_level,baseline,0,2,42002000000,cv,5200,1300,0.962646633456532,0.903954802259887,0.8664259927797834,0.9448818897637796
mid_level-mid_level,fusion,0,2,42002000000,cv,5200,1300,0.9815201671219668,0.928,0.943089430894309,0.9133858267716536
mid_level-mid_level,topo_only,0,2,42002000000,cv,5200,1300,0.9409770207295516,0.8643410852713178,0.851145038167939,0.8779527559055118
mid_level-mid_level,common_neighbors,0,2,42002000000,cv,5200,1300,0.9048127912582355,0.809106830122592,0.7287066246056783,0.9094488188976378
mid_level-mid_level,degree_product,0,2,42002000000,cv,5200,1300,0.8003535272376668,0.7586206896551724,0.6302083333333334,0.952755905511811
mid_level-deep_level,baseline,0,2,42002000000,cv,5200,1300,0.9693479938271604,0.9269521410579346,0.8975609756097561,0.9583333333333334
mid_level-deep_level,fusion,0,2,42002000000,cv,5200,1300,0.979591049382716,0.9365079365079364,0.9516129032258064,0.921875
mid_level-deep_level,topo_only,0,2,42002000000,cv,5200,1300,0.955054012345679,0.9067357512953368,0.9020618556701032,0.9114583333333334
mid_level-deep_level,common_neighbors,0,2,42002000000,cv,5200,1300,0.911844135802469,0.8591549295774648,0.782051282051282,0.953125
mid_level-deep_level,degree_product,0,2,42002000000,cv,5200,1300,0.8070216049382716,0.8105726872246696,0.7022900763358778,0.9583333333333334
low_level-low_level,baseline,0,2,42002000000,cv,5200,1300,0.9968253968253968,0.9545454545454546,0.9130434782608696,1.0
low_level-low_level,fusion,0,2,42002000000,cv,5200,1300,1.0,1.0,1.0,1.0
low_level-low_level,topo_only,0,2,42002000000,cv,5200,1300,0.938095238095238,0.8717948717948718,0.9444444444444444,0.8095238095238095
low_level-low_level,common_neighbors,0,2,42002000000,cv,5200,1300,0.9174603174603174,0.8095238095238095,0.8095238095238095,0.8095238095238095
low_level-low_level,degree_product,0,2,42002000000,cv,5200,1300,0.8142857142857143,0.7391304347826086,0.68,0.8095238095238095
deep_level-deep_level,baseline,0,2,42002000000,cv,5200,1300,0.992248062015504,0.9761904761904762,1.0,0.9534883720930232
deep_level-deep_level,fusion,0,2,42002000000,cv,5200,1300,1.0,0.9882352941176472,1.0,0.9767441860465116
deep_level-deep_level,topo_only,0,2,42002000000,cv,5200,1300,0.9670542635658916,0.9411764705882352,0.9523809523809524,0.9302325581395348
deep_level-deep_level,common_neighbors,0,2,42002000000,cv,5200,1300,0.945736434108527,0.9333333333333332,0.8936170212765957,0.9767441860465116
deep_level-deep_level,degree_product,0,2,42002000000,cv,5200,1300,0.8449612403100775,0.9213483146067416,0.8913043478260869,0.9534883720930232
low_level-deep_level,baseline,0,3,42003000000,cv,5200,1300,0.9833124739257404,0.9292929292929292,0.8846153846153846,0.9787234042553192
low_level-deep_level,fusion,0,3,42003000000,cv,5200,1300,0.9920734251147268,0.9347826086956522,0.9555555555555556,0.9148936170212766
low_level-deep_level,topo_only,0,3,42003000000,cv,5200,1300,0.9370045890696704,0.86,0.8113207547169812,0.9148936170212766
low_level-deep_level,common_neighbors,0,3,42003000000,cv,5200,1300,0.8831873174801835,0.7659574468085106,0.7659574468085106,0.7659574468085106
low_level-deep_level,degree_product,0,3,42003000000,cv,5200,1300,0.7442636629119733,0.7610619469026548,0.6515151515151515,0.9148936170212766
low_level-mid_level,baseline,0,3,42003000000,cv,5200,1300,0.965608863488244,0.8672566371681416,0.8376068376068376,0.8990825688073395
low_level-mid_level,fusion,0,3,42003000000,cv,5200,1300,0.9925302050433652,0.944954128440367,0.944954128440367,0.944954128440367
low_level-mid_level,topo_only,0,3,42003000000,cv,5200,1300,0.924650323356896,0.8088888888888889,0.7844827586206896,0.8348623853211009
low_level-mid_level,common_neighbors,0,3,42003000000,cv,5200,1300,0.836717300847245,0.7135678391959799,0.7888888888888889,0.6513761467889908
low_level-mid_level,degree_product,0,3,42003000000,cv,5200,1300,0.731187647265253,0.6041666666666666,0.4860335195530726,0.7981651376146789
mid_level-mid_level,baseline,0,3,42003000000,cv,5200,1300,0.9693464730290456,0.8975409836065574,0.8830645161290323,0.9125
mid_level-mid_level,fusion,0,3,42003000000,cv,5200,1300,0.9888312586445368,0.9435483870967742,0.9140625,0.975
mid_level-mid_level,topo_only,0,3,42003000000,cv,5200,1300,0.9367997925311204,0.8757396449704142,0.8314606741573034,0.925
mid_level-mid_level,common_neighbors,0,3,42003000000,cv,5200,1300,0.8972251037344399,0.8115942028985508,0.8065843621399177,0.8166666666666667
mid_level-mid_level,degree_product,0,3,42003000000,cv,5200,1300,0.7944674965421853,0.745819397993311,0.6229050279329609,0.9291666666666668
mid_level-deep_level,baseline,0,3,42003000000,cv,5200,1300,0.9519929066036142,0.9278350515463918,0.9137055837563453,0.9424083769633508
mid_level-deep_level,fusion,0,3,42003000000,cv,5200,1300,0.984799864887688,0.9536082474226804,0.9390862944162436,0.9685863874345548
mid_level-deep_level,topo_only,0,3,42003000000,cv,5200,1300,0.9522884647863537,0.9156010230179028,0.895,0.93717277486911
mid_level-deep_level,common_neighbors,0,3,42003000000,cv,5200,1300,0.9020646850194224,0.8375634517766497,0.812807881773399,0.8638743455497382
mid_level-deep_level,degree_product,0,3,42003000000,cv,5200,1300,0.7800202668468164,0.8208616780045351,0.724,0.9476439790575916
low_level-low_level,baseline,0,3,42003000000,cv,5200,1300,0.9642857142857144,0.75,0.75,0.75
low_level-low_level,fusion,0,3,42003000000,cv,5200,1300,0.9946428571428572,0.9032258064516128,0.9333333333333332,0.875
low_level-low_level,topo_only,0,3,42003000000,cv,5200,1300,0.9232142857142858,0.7428571428571429,0.6842105263157895,0.8125
low_level-low_level,common_neighbors,0,3,42003000000,cv,5200,1300,0.8839285714285714,0.6875,0.6875,0.6875
low_level-low_level,degree_product,0,3,42003000000,cv,5200,1300,0.7214285714285714,0.6222222222222222,0.4827586206896552,0.875
deep_level-deep_level,baseline,0,3,42003000000,cv,5200,1300,0.9507978723404256,0.9387755102040816,0.9019607843137256,0.9787234042553192
deep_level-deep_level,fusion,0,3,42003000000,cv,5200,1300,0.9840425531914894,0.9787234042553192,0.9787234042553192,0.9787234042553192
deep_level-deep_level,topo_only,0,3,42003000000,cv,5200,1300,0.9069148936170212,0.9361702127659576,0.9361702127659576,0.9361702127659576
deep_level-deep_level,common_neighbors,0,3,42003000000,cv,5200,1300,0.9454787234042552,0.9484536082474226,0.92,0.9787234042553192
deep_level-deep_level,degree_product,0,3,42003000000,cv,5200,1300,0.8377659574468086,0.8932038834951457,0.8214285714285714,0.9787234042553192
low_level-deep_level,baseline,0,4,42004000000,cv,5200,1300,0.9625,0.9230769230769232,0.9473684210526316,0.9
low_level-deep_level,fusion,0,4,42004000000,cv,5200,1300,0.9976851851851852,0.961038961038961,1.0,0.925
low_level-deep_level,topo_only,0,4,42004000000,cv,5200,1300,0.9560185185185186,0.8421052631578947,0.8888888888888888,0.8
low_level-deep_level,common_neighbors,0,4,42004000000,cv,5200,1300,0.8578703703703703,0.7727272727272727,0.7083333333333334,0.85
low_level-deep_level,degree_product,0,4,42004000000,cv,5200,1300,0.7152777777777778,0.6545454545454545,0.5142857142857142,0.9
low_level-mid_level,baseline,0,4,42004000000,cv,5200,1300,0.9514652014652016,0.8490566037735849,0.8181818181818182,0.8823529411764706
low_level-mid_level,fusion,0,4,42004000000,cv,5200,1300,0.9792070674423616,0.90625,0.9666666666666668,0.8529411764705882
low_level-mid_level,topo_only,0,4,42004000000,cv,5200,1300,0.9429541047188108,0.8140703517587939,0.8350515463917526,0.7941176470588235
low_level-mid_level,common_neighbors,0,4,42004000000,cv,5200,1300,0.8749191984486103,0.7614678899082569,0.7155172413793104,0.8137254901960784
low_level-mid_level,degree_product,0,4,42004000000,cv,5200,1300,0.7582956259426847,0.615916955017301,0.4759358288770053,0.8725490196078431
mid_level-mid_level,baseline,0,4,42004000000,cv,5200,1300,0.9635633710369252,0.9,0.8698884758364313,0.9322709163346612
mid_level-mid_level,fusion,0,4,42004000000,cv,5200,1300,0.9795454198531544,0.924,0.927710843373494,0.9203187250996016
mid_level-mid_level,topo_only,0,4,42004000000,cv,5200,1300,0.94570377493856,0.8502994011976048,0.852,0.848605577689243
mid_level-mid_level,common_neighbors,0,4,42004000000,cv,5200,1300,0.9061379005052588,0.8308823529411765,0.7713310580204779,0.900398406374502
mid_level-mid_level,degree_product,0,4,42004000000,cv,5200,1300,0.8005907404863306,0.7345679012345679,0.5994962216624685,0.9482071713147412
mid_level-deep_level,baseline,0,4,42004000000,cv,5200,1300,0.9749940177075854,0.9393939393939394,0.9441624365482234,0.9346733668341708
mid_level-deep_level,fusion,0,4,42004000000,cv,5200,1300,0.9911462072266092,0.958974358974359,0.9790575916230366,0.9396984924623116
mid_level-deep_level,topo_only,0,4,42004000000,cv,5200,1300,0.9554119805376088,0.890625,0.9243243243243244,0.8592964824120602
mid_level-deep_level,common_neighbors,0,4,42004000000,cv,5200,1300,0.9055595437504986,0.8723897911832946,0.8103448275862069,0.9447236180904522
mid_level-deep_level,degree_product,0,4,42004000000,cv,5200,1300,0.7983568636834968,0.8297872340425532,0.7195571955719557,0.9798994974874372
low_level-low_level,baseline,0,4,42004000000,cv,5200,1300,0.9919028340080972,0.8387096774193549,0.7222222222222222,1.0
low_level-low_level,fusion,0,4,42004000000,cv,5200,1300,1.0,0.8695652173913043,1.0,0.7692307692307693
low_level-low_level,topo_only,0,4,42004000000,cv,5200,1300,0.97165991902834,0.88,0.9166666666666666,0.8461538461538461
low_level-low_level,common_neighbors,0,4,42004000000,cv,5200,1300,0.9149797570850202,0.8461538461538461,0.8461538461538461,0.8461538461538461
low_level-low_level,degree_product,0,4,42004000000,cv,5200,1300,0.7651821862348178,0.6111111111111112,0.4782608695652174,0.8461538461538461
deep_level-deep_level,baseline,0,4,42004000000,cv,5200,1300,0.925,0.9230769230769232,0.9130434782608696,0.9333333333333332
deep_level-deep_level,fusion,0,4,42004000000,cv,5200,1300,0.9166666666666669,0.9090909090909092,0.9302325581395348,0.8888888888888888
deep_level-deep_level,topo_only,0,4,42004000000,cv,5200,1300,0.8888888888888888,0.9318181818181818,0.9534883720930232,0.9111111111111112
deep_level-deep_level,common_neighbors,0,4,42004000000,cv,5200,1300,0.9861111111111112,0.9782608695652174,0.9574468085106383,1.0
deep_level-deep_level,degree_product,0,4,42004000000,cv,5200,1300,0.9361111111111112,0.9361702127659576,0.8979591836734694,0.9777777777777776
low_level-deep_level,baseline,1,0,42000010000,cv,5200,1300,0.964712918660287,0.8918918918918919,0.9166666666666666,0.868421052631579
low_level-deep_level,fusion,1,0,42000010000,cv,5200,1300,0.9910287081339711,0.9066666666666666,0.918918918918919,0.8947368421052632
low_level-deep_level,topo_only,1,0,42000010000,cv,5200,1300,0.9706937799043064,0.9090909090909092,0.8974358974358975,0.9210526315789472
low_level-deep_level,common_neighbors,1,0,42000010000,cv,5200,1300,0.9084928229665072,0.8157894736842105,0.8157894736842105,0.8157894736842105
low_level-deep_level,degree_product,1,0,42000010000,cv,5200,1300,0.756578947368421,0.717391304347826,0.6111111111111112,0.868421052631579
low_level-mid_level,baseline,1,0,42000010000,cv,5200,1300,0.949838351182057,0.8356807511737089,0.7946428571428571,0.8811881188118812
low_level-mid_level,fusion,1,0,42000010000,cv,5200,1300,0.9924227116589208,0.953846153846154,0.9893617021276596,0.9207920792079208
low_level-mid_level,topo_only,1,0,42000010000,cv,5200,1300,0.9546878157203474,0.8363636363636363,0.773109243697479,0.9108910891089108
low_level-mid_level,common_neighbors,1,0,42000010000,cv,5200,1300,0.8717165083855324,0.7422680412371134,0.7741935483870968,0.7128712871287128
low_level-mid_level,degree_product,1,0,42000010000,cv,5200,1300,0.7480299050313194,0.6015037593984962,0.4848484848484848,0.7920792079207921
mid_level-mid_level,baseline,1,0,42000010000,cv,5200,1300,0.961301052775968,0.8879837067209776,0.8755020080321285,0.9008264462809916
mid_level-mid_level,fusion,1,0,42000010000,cv,5200,1300,0.986848873495422,0.9495798319327732,0.9658119658119658,0.9338842975206612
mid_level-mid_level,topo_only,1,0,42000010000,cv,5200,1300,0.9510990706765886,0.8501026694045175,0.8448979591836735,0.8553719008264463
mid_level-mid_level,common_neighbors,1,0,42000010000,cv,5200,1300,0.9051987243235828,0.8100208768267223,0.8185654008438819,0.8016528925619835
mid_level-mid_level,degree_product,1,0,42000010000,cv,5200,1300,0.7919652961146738,0.7495621716287215,0.6504559270516718,0.8842975206611571
mid_level-deep_level,baseline,1,0,42000010000,cv,5200,1300,0.971912779867782,0.9496402877697842,0.9519230769230768,0.9473684210526316
mid_level-deep_level,fusion,1,0,42000010000,cv,5200,1300,0.9863398955403776,0.9609756097560976,0.9800995024875622,0.9425837320574164
mid_level-deep_level,topo_only,1,0,42000010000,cv,5200,1300,0.95306621863472,0.9160671462829736,0.9182692307692308,0.9138755980861244
mid_level-deep_level,common_neighbors,1,0,42000010000,cv,5200,1300,0.904945396106505,0.8411214953271028,0.821917808219178,0.861244019138756
mid_level-deep_level,degree_product,1,0,42000010000,cv,5200,1300,0.8011979984659776,0.8179871520342612,0.7403100775193798,0.9138755980861244
low_level-low_level,baseline,1,0,42000010000,cv,5200,1300,0.9805555555555556,0.8666666666666667,0.8666666666666667,0.8666666666666667
low_level-low_level,fusion,1,0,42000010000,cv,5200,1300,1.0,0.9655172413793104,1.0,0.9333333333333332
low_level-low_level,topo_only,1,0,42000010000,cv,5200,1300,0.9833333333333334,0.9032258064516128,0.875,0.9333333333333332
low_level-low_level,common_neighbors,1,0,42000010000,cv,5200,1300,0.9027777777777778,0.7142857142857143,0.7692307692307693,0.6666666666666666
low_level-low_level,degree_product,1,0,42000010000,cv,5200,1300,0.7555555555555555,0.6666666666666666,0.6111111111111112,0.7333333333333333
deep_level-deep_level,baseline,1,0,42000010000,cv,5200,1300,0.8904761904761904,0.8913043478260869,0.8723404255319149,0.9111111111111112
deep_level-deep_level,fusion,1,0,42000010000,cv,5200,1300,0.9634920634920636,0.9662921348314608,0.9772727272727272,0.9555555555555556
deep_level-deep_level,topo_only,1,0,42000010000,cv,5200,1300,0.9507936507936507,0.9213483146067416,0.9318181818181818,0.9111111111111112
deep_level-deep_level,common_neighbors,1,0,42000010000,cv,5200,1300,0.9587301587301588,0.945054945054945,0.9347826086956522,0.9555555555555556
deep_level-deep_level,degree_product,1,0,42000010000,cv,5200,1300,0.9111111111111112,0.9347826086956522,0.9148936170212766,0.9555555555555556
low_level-deep_level,baseline,1,1,42001010000,cv,5200,1300,0.9504283965728274,0.88,0.8918918918918919,0.868421052631579
low_level-deep_level,fusion,1,1,42001010000,cv,5200,1300,0.9883720930232558,0.9295774647887324,1.0,0.868421052631579
low_level-deep_level,topo_only,1,1,42001010000,cv,5200,1300,0.9449204406364748,0.8648648648648649,0.8888888888888888,0.8421052631578947
low_level-deep_level,common_neighbors,1,1,42001010000,cv,5200,1300,0.8733170134638923,0.7764705882352941,0.7021276595744681,0.868421052631579
low_level-deep_level,degree_product,1,1,42001010000,cv,5200,1300,0.7423500611995104,0.7126436781609196,0.6326530612244898,0.8157894736842105
low_level-mid_level,baseline,1,1,42001010000,cv,5200,1300,0.951973951973952,0.8416289592760181,0.8230088495575221,0.8611111111111112
low_level-mid_level,fusion,1,1,42001010000,cv,5200,1300,0.9932336182336184,0.9439252336448598,0.9528301886792452,0.9351851851851852
low_level-mid_level,topo_only,1,1,42001010000,cv,5200,1300,0.9465303215303216,0.8421052631578947,0.8712871287128713,0.8148148148148148
low_level-mid_level,common_neighbors,1,1,42001010000,cv,5200,1300,0.8554894179894181,0.7162790697674418,0.719626168224299,0.7129629629629629
low_level-mid_level,degree_product,1,1,42001010000,cv,5200,1300,0.7526455026455027,0.6260162601626016,0.5579710144927537,0.7129629629629629
mid_level-mid_level,baseline,1,1,42001010000,cv,5200,1300,0.9733152419719584,0.9053803339517624,0.8872727272727273,0.9242424242424242
mid_level-mid_level,fusion,1,1,42001010000,cv,5200,1300,0.9899790818634102,0.9563567362428842,0.9581749049429658,0.9545454545454546
mid_level-mid_level,topo_only,1,1,42001010000,cv,5200,1300,0.9474502487562187,0.8647619047619047,0.8697318007662835,0.8598484848484849
mid_level-mid_level,common_neighbors,1,1,42001010000,cv,5200,1300,0.920899762550882,0.8307692307692308,0.7570093457943925,0.9204545454545454
mid_level-mid_level,degree_product,1,1,42001010000,cv,5200,1300,0.8122314563545907,0.7456556082148499,0.6395663956639567,0.8939393939393939
mid_level-deep_level,baseline,1,1,42001010000,cv,5200,1300,0.9718954248366012,0.9166666666666666,0.9166666666666666,0.9166666666666666
mid_level-deep_level,fusion,1,1,42001010000,cv,5200,1300,0.9915966386554622,0.969187675070028,0.9774011299435028,0.9611111111111112
mid_level-deep_level,topo_only,1,1,42001010000,cv,5200,1300,0.9591036414565826,0.9217877094972068,0.9269662921348316,0.9166666666666666
mid_level-deep_level,common_neighbors,1,1,42001010000,cv,5200,1300,0.909126984126984,0.8727272727272727,0.8195121951219512,0.9333333333333332
mid_level-deep_level,degree_product,1,1,42001010000,cv,5200,1300,0.804014939309057,0.8206388206388207,0.73568281938326,0.9277777777777778
low_level-low_level,baseline,1,1,42001010000,cv,5200,1300,0.9969135802469136,0.8571428571428571,0.75,1.0
low_level-low_level,fusion,1,1,42001010000,cv,5200,1300,1.0,0.96,0.9230769230769232,1.0
low_level-low_level,topo_only,1,1,42001010000,cv,5200,1300,0.9567901234567902,0.9166666666666666,0.9166666666666666,0.9166666666666666
low_level-low_level,common_neighbors,1,1,42001010000,cv,5200,1300,0.8055555555555557,0.6666666666666666,1.0,0.5
low_level-low_level,degree_product,1,1,42001010000,cv,5200,1300,0.6450617283950617,0.5,0.5,0.5
deep_level-deep_level,baseline,1,1,42001010000,cv,5200,1300,0.9848484848484848,0.946236559139785,0.9777777777777776,0.9166666666666666
deep_level-deep_level,fusion,1,1,42001010000,cv,5200,1300,1.0,0.9894736842105264,1.0,0.9791666666666666
deep_level-deep_level,topo_only,1,1,42001010000,cv,5200,1300,0.9753787878787878,0.9230769230769232,0.9767441860465116,0.875
deep_level-deep_level,common_neighbors,1,1,42001010000,cv,5200,1300,0.9867424242424244,0.9791666666666666,0.9791666666666666,0.9791666666666666
deep_level-deep_level,degree_product,1,1,42001010000,cv,5200,1300,0.9318181818181818,0.9263157894736842,0.9361702127659576,0.9166666666666666
low_level-deep_level,baseline,1,2,42002010000,cv,5200,1300,0.9904958677685952,0.9333333333333332,0.9130434782608696,0.9545454545454546
low_level-deep_level,fusion,1,2,42002010000,cv,5200,1300,0.9983471074380164,0.967032967032967,0.9361702127659576,1.0
low_level-deep_level,topo_only,1,2,42002010000,cv,5200,1300,0.9644628099173552,0.8888888888888888,0.972972972972973,0.8181818181818182
low_level-deep_level,common_neighbors,1,2,42002010000,cv,5200,1300,0.8764462809917355,0.7446808510638298,0.7,0.7954545454545454
low_level-deep_level,degree_product,1,2,42002010000,cv,5200,1300,0.7376033057851239,0.6857142857142857,0.5901639344262295,0.8181818181818182
low_level-mid_level,baseline,1,2,42002010000,cv,5200,1300,0.9516825715720744,0.8597285067873304,0.8558558558558559,0.8636363636363636
low_level-mid_level,fusion,1,2,42002010000,cv,5200,1300,0.973505775991964,0.9345794392523364,0.9615384615384616,0.9090909090909092
low_level-mid_level,topo_only,1,2,42002010000,cv,5200,1300,0.9154193872425916,0.7981220657276995,0.8252427184466019,0.7727272727272727
low_level-mid_level,common_neighbors,1,2,42002010000,cv,5200,1300,0.86401305876444,0.6919431279620853,0.7227722772277227,0.6636363636363637
low_level-mid_level,degree_product,1,2,42002010000,cv,5200,1300,0.7340532395781015,0.6072874493927125,0.5474452554744526,0.6818181818181818
mid_level-mid_level,baseline,1,2,42002010000,cv,5200,1300,0.9678950699767916,0.9102296450939458,0.897119341563786,0.923728813559322
mid_level-mid_level,fusion,1,2,42002010000,cv,5200,1300,0.9889936001125256,0.960167714884696,0.950207468879668,0.9703389830508474
mid_level-mid_level,topo_only,1,2,42002010000,cv,5200,1300,0.9443702088754484,0.8765957446808511,0.8803418803418803,0.8728813559322034
mid_level-mid_level,common_neighbors,1,2,42002010000,cv,5200,1300,0.8997028623672552,0.8151260504201681,0.8083333333333333,0.8220338983050848
mid_level-mid_level,degree_product,1,2,42002010000,cv,5200,1300,0.8010408608200296,0.7355072463768116,0.6424050632911392,0.8601694915254238
mid_level-deep_level,baseline,1,2,42002010000,cv,5200,1300,0.9584997259415864,0.920863309352518,0.8767123287671232,0.9696969696969696
mid_level-deep_level,fusion,1,2,42002010000,cv,5200,1300,0.9678177120037584,0.9507389162561576,0.9278846153846154,0.9747474747474748
mid_level-deep_level,topo_only,1,2,42002010000,cv,5200,1300,0.9468326677629004,0.9025641025641026,0.9166666666666666,0.8888888888888888
mid_level-deep_level,common_neighbors,1,2,42002010000,cv,5200,1300,0.8866768459791715,0.8285714285714286,0.7837837837837838,0.8787878787878788
mid_level-deep_level,degree_product,1,2,42002010000,cv,5200,1300,0.7550309294495341,0.7893569844789357,0.7035573122529645,0.898989898989899
low_level-low_level,baseline,1,2,42002010000,cv,5200,1300,0.9570707070707072,0.88,0.8461538461538461,0.9166666666666666
low_level-low_level,fusion,1,2,42002010000,cv,5200,1300,0.991161616161616,0.9583333333333334,0.9583333333333334,0.9583333333333334
low_level-low_level,topo_only,1,2,42002010000,cv,5200,1300,0.946969696969697,0.7659574468085106,0.782608695652174,0.75
low_level-low_level,common_neighbors,1,2,42002010000,cv,5200,1300,0.952020202020202,0.8,0.8571428571428571,0.75
low_level-low_level,degree_product,1,2,42002010000,cv,5200,1300,0.8080808080808082,0.7083333333333334,0.7083333333333334,0.7083333333333334
deep_level-deep_level,baseline,1,2,42002010000,cv,5200,1300,0.9904306220095692,0.9743589743589745,0.95,1.0
deep_level-deep_level,fusion,1,2,42002010000,cv,5200,1300,1.0,0.9743589743589745,0.95,1.0
deep_level-deep_level,topo_only,1,2,42002010000,cv,5200,1300,0.9425837320574164,0.8985507246376812,1.0,0.8157894736842105
deep_level-deep_level,common_neighbors,1,2,42002010000,cv,5200,1300,0.9114832535885168,0.868421052631579,0.868421052631579,0.868421052631579
deep_level-deep_level,degree_product,1,2,42002010000,cv,5200,1300,0.6435406698564594,0.902439024390244,0.8409090909090909,0.9736842105263158
low_level-deep_level,baseline,1,3,42003010000,cv,5200,1300,0.9508692365835224,0.8604651162790697,0.8409090909090909,0.8809523809523809
low_level-deep_level,fusion,1,3,42003010000,cv,5200,1300,0.9852607709750566,0.9523809523809524,0.9523809523809524,0.9523809523809524
low_level-deep_level,topo_only,1,3,42003010000,cv,5200,1300,0.9489795918367346,0.8780487804878049,0.9,0.8571428571428571
low_level-deep_level,common_neighbors,1,3,42003010000,cv,5200,1300,0.8597883597883598,0.7311827956989247,0.6666666666666666,0.8095238095238095
low_level-deep_level,degree_product,1,3,42003010000,cv,5200,1300,0.6999244142101284,0.6727272727272727,0.5441176470588235,0.8809523809523809
low_level-mid_level,baseline,1,3,42003010000,cv,5200,1300,0.9668671520523372,0.8820960698689956,0.9017857142857144,0.8632478632478633
low_level-mid_level,fusion,1,3,42003010000,cv,5200,1300,0.9867574126833386,0.9292035398230089,0.963302752293578,0.8974358974358975
low_level-mid_level,topo_only,1,3,42003010000,cv,5200,1300,0.9296718370792444,0.8070175438596491,0.8288288288288288,0.7863247863247863
low_level-mid_level,common_neighbors,1,3,42003010000,cv,5200,1300,0.8758045795082832,0.774468085106383,0.7711864406779662,0.7777777777777778
low_level-mid_level,degree_product,1,3,42003010000,cv,5200,1300,0.7536667721852908,0.6548042704626335,0.5609756097560976,0.7863247863247863
mid_level-mid_level,baseline,1,3,42003010000,cv,5200,1300,0.9605280626638788,0.9001956947162426,0.8778625954198473,0.923694779116466
mid_level-mid_level,fusion,1,3,42003010000,cv,5200,1300,0.9878356400809852,0.959349593495935,0.97119341563786,0.9477911646586346
mid_level-mid_level,topo_only,1,3,42003010000,cv,5200,1300,0.9220020578180492,0.8577154308617234,0.856,0.8594377510040161
mid_level-mid_level,common_neighbors,1,3,42003010000,cv,5200,1300,0.8856666334760529,0.8246268656716418,0.7700348432055749,0.8875502008032129
mid_level-mid_level,degree_product,1,3,42003010000,cv,5200,1300,0.7948488167546217,0.7475083056478405,0.6373937677053825,0.9036144578313252
mid_level-deep_level,baseline,1,3,42003010000,cv,5200,1300,0.9810180456247872,0.9467787114845938,0.9441340782122905,0.949438202247191
mid_level-deep_level,fusion,1,3,42003010000,cv,5200,1300,0.9957013959822948,0.9717514124293786,0.9772727272727272,0.9662921348314608
mid_level-deep_level,topo_only,1,3,42003010000,cv,5200,1300,0.9521195097037792,0.8938547486033519,0.8888888888888888,0.898876404494382
mid_level-deep_level,common_neighbors,1,3,42003010000,cv,5200,1300,0.9149429690160028,0.8615384615384616,0.7924528301886793,0.9438202247191012
mid_level-deep_level,degree_product,1,3,42003010000,cv,5200,1300,0.8213951310861423,0.8038277511961722,0.7,0.9438202247191012
low_level-low_level,baseline,1,3,42003010000,cv,5200,1300,0.9797619047619048,0.926829268292683,0.95,0.9047619047619048
low_level-low_level,fusion,1,3,42003010000,cv,5200,1300,0.9595238095238094,0.975609756097561,1.0,0.9523809523809524
low_level-low_level,topo_only,1,3,42003010000,cv,5200,1300,0.9107142857142856,0.6666666666666666,0.8,0.5714285714285714
low_level-low_level,common_neighbors,1,3,42003010000,cv,5200,1300,0.9321428571428572,0.8444444444444444,0.7916666666666666,0.9047619047619048
low_level-low_level,degree_product,1,3,42003010000,cv,5200,1300,0.7880952380952382,0.68,0.5862068965517241,0.8095238095238095
deep_level-deep_level,baseline,1,3,42003010000,cv,5200,1300,0.9830866807610994,0.9545454545454546,0.9333333333333332,0.9767441860465116
deep_level-deep_level,fusion,1,3,42003010000,cv,5200,1300,1.0,1.0,1.0,1.0
deep_level-deep_level,topo_only,1,3,42003010000,cv,5200,1300,0.9323467230443974,0.9655172413793104,0.9545454545454546,0.9767441860465116
deep_level-deep_level,common_neighbors,1,3,42003010000,cv,5200,1300,0.9238900634249472,0.9438202247191012,0.9130434782608696,0.9767441860465116
deep_level-deep_level,degree_product,1,3,42003010000,cv,5200,1300,0.8287526427061311,0.898876404494382,0.8695652173913043,0.9302325581395348
low_level-deep_level,baseline,1,4,42004010000,cv,5200,1300,0.9743107769423558,0.9391304347826088,0.9310344827586208,0.9473684210526316
low_level-deep_level,fusion,1,4,42004010000,cv,5200,1300,0.9918546365914788,0.9655172413793104,0.9491525423728814,0.9824561403508772
low_level-deep_level,topo_only,1,4,42004010000,cv,5200,1300,0.9592731829573936,0.8869565217391304,0.8793103448275862,0.8947368421052632
low_level-deep_level,common_neighbors,1,4,42004010000,cv,5200,1300,0.8681077694235588,0.7567567567567568,0.7777777777777778,0.7368421052631579
low_level-deep_level,degree_product,1,4,42004010000,cv,5200,1300,0.699874686716792,0.676923076923077,0.6027397260273972,0.7719298245614035
low_level-mid_level,baseline,1,4,42004010000,cv,5200,1300,0.9861960510221912,0.8979591836734694,0.8888888888888888,0.9072164948453608
low_level-mid_level,fusion,1,4,42004010000,cv,5200,1300,0.9970295299668006,0.9587628865979382,0.9587628865979382,0.9587628865979382
low_level-mid_level,topo_only,1,4,42004010000,cv,5200,1300,0.9476964296115092,0.8059701492537313,0.7788461538461539,0.8350515463917526
low_level-mid_level,common_neighbors,1,4,42004010000,cv,5200,1300,0.8955384704991555,0.6923076923076923,0.7411764705882353,0.6494845360824743
low_level-mid_level,degree_product,1,4,42004010000,cv,5200,1300,0.774186032966393,0.6244725738396625,0.5285714285714286,0.7628865979381443
mid_level-mid_level,baseline,1,4,42004010000,cv,5200,1300,0.9741636798088412,0.9227722772277228,0.8893129770992366,0.9588477366255144
mid_level-mid_level,fusion,1,4,42004010000,cv,5200,1300,0.9880359750431436,0.9531568228105908,0.9435483870967742,0.9629629629629628
mid_level-mid_level,topo_only,1,4,42004010000,cv,5200,1300,0.9550975706889684,0.8866396761133604,0.8725099601593626,0.9012345679012346
mid_level-mid_level,common_neighbors,1,4,42004010000,cv,5200,1300,0.9150404885171912,0.8351177730192719,0.8705357142857143,0.8024691358024691
mid_level-mid_level,degree_product,1,4,42004010000,cv,5200,1300,0.8114628965883446,0.7469458987783595,0.6484848484848484,0.8806584362139918
mid_level-deep_level,baseline,1,4,42004010000,cv,5200,1300,0.967090303719344,0.9230769230769232,0.8910891089108911,0.9574468085106383
mid_level-deep_level,fusion,1,4,42004010000,cv,5200,1300,0.9846110118564236,0.9606299212598424,0.9481865284974094,0.973404255319149
mid_level-deep_level,topo_only,1,4,42004010000,cv,5200,1300,0.9382004222835796,0.8936170212765957,0.8936170212765957,0.8936170212765957
mid_level-deep_level,common_neighbors,1,4,42004010000,cv,5200,1300,0.9001745980185155,0.8481675392670157,0.8350515463917526,0.8617021276595744
mid_level-deep_level,degree_product,1,4,42004010000,cv,5200,1300,0.7869701153159007,0.802784222737819,0.7119341563786008,0.9202127659574468
low_level-low_level,baseline,1,4,42004010000,cv,5200,1300,0.9722222222222224,0.8823529411764706,0.9375,0.8333333333333334
low_level-low_level,fusion,1,4,42004010000,cv,5200,1300,0.9976851851851852,0.9411764705882352,1.0,0.8888888888888888
low_level-low_level,topo_only,1,4,42004010000,cv,5200,1300,0.9560185185185184,0.9142857142857144,0.9411764705882352,0.8888888888888888
low_level-low_level,common_neighbors,1,4,42004010000,cv,5200,1300,0.900462962962963,0.7058823529411765,0.75,0.6666666666666666
low_level-low_level,degree_product,1,4,42004010000,cv,5200,1300,0.7731481481481481,0.6842105263157895,0.65,0.7222222222222222
deep_level-deep_level,baseline,1,4,42004010000,cv,5200,1300,0.9407294832826748,0.9387755102040816,0.9019607843137256,0.9787234042553192
deep_level-deep_level,fusion,1,4,42004010000,cv,5200,1300,0.9832826747720363,0.9484536082474226,0.92,0.9787234042553192
deep_level-deep_level,topo_only,1,4,42004010000,cv,5200,1300,0.9270516717325228,0.9347826086956522,0.9555555555555556,0.9148936170212766
deep_level-deep_level,common_neighbors,1,4,42004010000,cv,5200,1300,0.9574468085106382,0.9130434782608696,0.9333333333333332,0.8936170212765957
deep_level-deep_level,degree_product,1,4,42004010000,cv,5200,1300,0.8723404255319149,0.8936170212765957,0.8936170212765957,0.8936170212765957
low_level-deep_level,baseline,2,0,42000020000,cv,5200,1300,0.9629629629629628,0.9090909090909092,0.8928571428571429,0.925925925925926
low_level-deep_level,fusion,2,0,42000020000,cv,5200,1300,0.9964539007092198,0.9714285714285714,1.0,0.9444444444444444
low_level-deep_level,topo_only,2,0,42000020000,cv,5200,1300,0.954688731284476,0.8846153846153846,0.92,0.8518518518518519
low_level-deep_level,common_neighbors,2,0,42000020000,cv,5200,1300,0.8823877068557919,0.7666666666666667,0.696969696969697,0.8518518518518519
low_level-deep_level,degree_product,2,0,42000020000,cv,5200,1300,0.7383766745468873,0.7479674796747967,0.6666666666666666,0.8518518518518519
low_level-mid_level,baseline,2,0,42000020000,cv,5200,1300,0.954771308446936,0.8877005347593583,0.8924731182795699,0.8829787234042553
low_level-mid_level,fusion,2,0,42000020000,cv,5200,1300,0.9888520830679068,0.9405405405405406,0.956043956043956,0.925531914893617
low_level-mid_level,topo_only,2,0,42000020000,cv,5200,1300,0.9540068798573068,0.8279569892473119,0.8369565217391305,0.8191489361702128
low_level-mid_level,common_neighbors,2,0,42000020000,cv,5200,1300,0.8622435979105618,0.7368421052631579,0.6695652173913044,0.8191489361702128
low_level-mid_level,degree_product,2,0,42000020000,cv,5200,1300,0.7419734998088929,0.6206896551724138,0.5217391304347826,0.7659574468085106
mid_level-mid_level,baseline,2,0,42000020000,cv,5200,1300,0.969239207779886,0.907258064516129,0.907258064516129,0.907258064516129
mid_level-mid_level,fusion,2,0,42000020000,cv,5200,1300,0.9869692836812144,0.949290060851927,0.9551020408163264,0.9435483870967742
mid_level-mid_level,topo_only,2,0,42000020000,cv,5200,1300,0.9491965132827324,0.8717948717948718,0.8532818532818532,0.8911290322580645
mid_level-mid_level,common_neighbors,2,0,42000020000,cv,5200,1300,0.9092964302656548,0.8050541516245487,0.7287581699346405,0.8991935483870968
mid_level-mid_level,degree_product,2,0,42000020000,cv,5200,1300,0.8155760792220114,0.7470288624787776,0.6451612903225806,0.8870967741935484
mid_level-deep_level,baseline,2,0,42000020000,cv,5200,1300,0.957058797107308,0.9230769230769232,0.918032786885246,0.9281767955801103
mid_level-deep_level,fusion,2,0,42000020000,cv,5200,1300,0.9905223914117594,0.96398891966759,0.9666666666666668,0.9613259668508288
mid_level-deep_level,topo_only,2,0,42000020000,cv,5200,1300,0.9451107218254504,0.8914285714285715,0.9230769230769232,0.861878453038674
mid_level-deep_level,common_neighbors,2,0,42000020000,cv,5200,1300,0.8957463055293536,0.8556962025316456,0.7897196261682243,0.9337016574585636
mid_level-deep_level,degree_product,2,0,42000020000,cv,5200,1300,0.7918519516686879,0.7913669064748201,0.6991525423728814,0.9116022099447514
low_level-low_level,baseline,2,0,42000020000,cv,5200,1300,0.9464285714285714,0.8372093023255814,0.8181818181818182,0.8571428571428571
low_level-low_level,fusion,2,0,42000020000,cv,5200,1300,0.992063492063492,0.9523809523809524,0.9523809523809524,0.9523809523809524
low_level-low_level,topo_only,2,0,42000020000,cv,5200,1300,0.9464285714285714,0.8780487804878049,0.9,0.8571428571428571
low_level-low_level,common_neighbors,2,0,42000020000,cv,5200,1300,0.8333333333333334,0.7804878048780488,0.8,0.7619047619047619
low_level-low_level,degree_product,2,0,42000020000,cv,5200,1300,0.7142857142857143,0.6341463414634146,0.65,0.6190476190476191
deep_level-deep_level,baseline,2,0,42000020000,cv,5200,1300,0.9830316742081447,0.9532710280373832,0.9272727272727272,0.9807692307692308
deep_level-deep_level,fusion,2,0,42000020000,cv,5200,1300,0.990950226244344,0.981132075471698,0.9629629629629628,1.0
deep_level-deep_level,topo_only,2,0,42000020000,cv,5200,1300,0.9423076923076924,0.9423076923076924,0.9423076923076924,0.9423076923076924
deep_level-deep_level,common_neighbors,2,0,42000020000,cv,5200,1300,0.9728506787330315,0.9622641509433962,0.9444444444444444,0.9807692307692308
deep_level-deep_level,degree_product,2,0,42000020000,cv,5200,1300,0.917420814479638,0.9158878504672896,0.8909090909090909,0.9423076923076924
low_level-deep_level,baseline,2,1,42001020000,cv,5200,1300,0.968705547652916,0.8860759493670886,0.8333333333333334,0.945945945945946
low_level-deep_level,fusion,2,1,42001020000,cv,5200,1300,0.9995258416311048,0.972972972972973,0.972972972972973,0.972972972972973
low_level-deep_level,topo_only,2,1,42001020000,cv,5200,1300,0.9141773352299668,0.8,0.7894736842105263,0.8108108108108109
low_level-deep_level,common_neighbors,2,1,42001020000,cv,5200,1300,0.8605974395448079,0.7654320987654321,0.7045454545454546,0.8378378378378378
low_level-deep_level,degree_product,2,1,42001020000,cv,5200,1300,0.7131341868183974,0.6470588235294118,0.5076923076923077,0.8918918918918919
low_level-mid_level,baseline,2,1,42001020000,cv,5200,1300,0.984117234117234,0.9196428571428572,0.911504424778761,0.927927927927928
low_level-mid_level,fusion,2,1,42001020000,cv,5200,1300,0.9969579969579968,0.967741935483871,0.9905660377358492,0.945945945945946
low_level-mid_level,topo_only,2,1,42001020000,cv,5200,1300,0.93986193986194,0.8229665071770335,0.8775510204081632,0.7747747747747747
low_level-mid_level,common_neighbors,2,1,42001020000,cv,5200,1300,0.8725868725868726,0.7559808612440191,0.8061224489795918,0.7117117117117117
low_level-mid_level,degree_product,2,1,42001020000,cv,5200,1300,0.7444132444132444,0.6550522648083623,0.5340909090909091,0.8468468468468469
mid_level-mid_level,baseline,2,1,42001020000,cv,5200,1300,0.962561653487826,0.9,0.8687258687258688,0.933609958506224
mid_level-mid_level,fusion,2,1,42001020000,cv,5200,1300,0.9871760745322165,0.9456066945606696,0.9535864978902954,0.9377593360995852
mid_level-mid_level,topo_only,2,1,42001020000,cv,5200,1300,0.9331402176465982,0.8372093023255814,0.853448275862069,0.8215767634854771
mid_level-mid_level,common_neighbors,2,1,42001020000,cv,5200,1300,0.9014092225788772,0.8065843621399177,0.8,0.8132780082987552
mid_level-mid_level,degree_product,2,1,42001020000,cv,5200,1300,0.7807562827839974,0.7165605095541401,0.5813953488372093,0.933609958506224
mid_level-deep_level,baseline,2,1,42001020000,cv,5200,1300,0.967741935483871,0.938095238095238,0.916279069767442,0.9609756097560976
mid_level-deep_level,fusion,2,1,42001020000,cv,5200,1300,0.9876081825334382,0.9627791563275434,0.9797979797979798,0.946341463414634
mid_level-deep_level,topo_only,2,1,42001020000,cv,5200,1300,0.9439024390243902,0.8927680798004988,0.9132653061224488,0.8731707317073171
mid_level-deep_level,common_neighbors,2,1,42001020000,cv,5200,1300,0.9075727773406768,0.8613138686131386,0.8592233009708737,0.8634146341463415
mid_level-deep_level,degree_product,2,1,42001020000,cv,5200,1300,0.8234067663257277,0.8137044967880086,0.7251908396946565,0.926829268292683
low_level-low_level,baseline,2,1,42001020000,cv,5200,1300,0.9875,0.8837209302325582,0.8260869565217391,0.95
low_level-low_level,fusion,2,1,42001020000,cv,5200,1300,0.9975,0.9743589743589745,1.0,0.95
low_level-low_level,topo_only,2,1,42001020000,cv,5200,1300,0.97,0.8292682926829268,0.8095238095238095,0.85
low_level-low_level,common_neighbors,2,1,42001020000,cv,5200,1300,0.95375,0.75,0.75,0.75
low_level-low_level,degree_product,2,1,42001020000,cv,5200,1300,0.7625,0.6071428571428571,0.4722222222222222,0.85
deep_level-deep_level,baseline,2,1,42001020000,cv,5200,1300,0.9444444444444444,0.9142857142857144,0.9411764705882352,0.8888888888888888
deep_level-deep_level,fusion,2,1,42001020000,cv,5200,1300,1.0,0.9859154929577464,1.0,0.9722222222222222
deep_level-deep_level,topo_only,2,1,42001020000,cv,5200,1300,0.9861111111111112,0.9714285714285714,1.0,0.9444444444444444
deep_level-deep_level,common_neighbors,2,1,42001020000,cv,5200,1300,0.9888888888888888,0.9722222222222222,0.9722222222222222,0.9722222222222222
deep_level-deep_level,degree_product,2,1,42001020000,cv,5200,1300,0.95,0.9210526315789472,0.875,0.9722222222222222
low_level-deep_level,baseline,2,2,42002020000,cv,5200,1300,0.9826923076923078,0.935064935064935,0.9473684210526316,0.9230769230769232
low_level-deep_level,fusion,2,2,42002020000,cv,5200,1300,0.9903846153846154,0.9473684210526316,0.972972972972973,0.9230769230769232
low_level-deep_level,topo_only,2,2,42002020000,cv,5200,1300,0.958974358974359,0.8717948717948718,0.8717948717948718,0.8717948717948718
low_level-deep_level,common_neighbors,2,2,42002020000,cv,5200,1300,0.8833333333333333,0.7901234567901234,0.7619047619047619,0.8205128205128205
low_level-deep_level,degree_product,2,2,42002020000,cv,5200,1300,0.7467948717948718,0.7142857142857143,0.5932203389830508,0.8974358974358975
low_level-mid_level,baseline,2,2,42002020000,cv,5200,1300,0.9605994574643126,0.8651162790697674,0.9117647058823528,0.8230088495575221
low_level-mid_level,fusion,2,2,42002020000,cv,5200,1300,0.9944857028505358,0.958904109589041,0.9905660377358492,0.9292035398230089
low_level-mid_level,topo_only,2,2,42002020000,cv,5200,1300,0.9250678169609108,0.8398268398268398,0.8220338983050848,0.8584070796460177
low_level-mid_level,common_neighbors,2,2,42002020000,cv,5200,1300,0.8641214924178413,0.7345132743362832,0.7345132743362832,0.7345132743362832
low_level-mid_level,degree_product,2,2,42002020000,cv,5200,1300,0.7554142393382843,0.6068111455108359,0.4666666666666667,0.8672566371681416
mid_level-mid_level,baseline,2,2,42002020000,cv,5200,1300,0.9767307391779964,0.9251439539347408,0.9601593625498008,0.8925925925925926
mid_level-mid_level,fusion,2,2,42002020000,cv,5200,1300,0.9930457884044382,0.9738805970149254,0.981203007518797,0.9666666666666668
mid_level-mid_level,topo_only,2,2,42002020000,cv,5200,1300,0.9296140021878418,0.849624060150376,0.8625954198473282,0.837037037037037
mid_level-mid_level,common_neighbors,2,2,42002020000,cv,5200,1300,0.9159868729488982,0.8473967684021544,0.8222996515679443,0.8740740740740741
mid_level-mid_level,degree_product,2,2,42002020000,cv,5200,1300,0.8197062040943899,0.7798165137614679,0.6640625,0.9444444444444444
mid_level-deep_level,baseline,2,2,42002020000,cv,5200,1300,0.9720402908893808,0.918918918918919,0.9329268292682928,0.9053254437869822
mid_level-deep_level,fusion,2,2,42002020000,cv,5200,1300,0.9958444374181308,0.9702380952380952,0.9760479041916168,0.9644970414201184
mid_level-deep_level,topo_only,2,2,42002020000,cv,5200,1300,0.950313925651565,0.8967551622418879,0.8941176470588236,0.8994082840236687
mid_level-deep_level,common_neighbors,2,2,42002020000,cv,5200,1300,0.8978273634762185,0.8440860215053764,0.7733990147783252,0.9289940828402368
mid_level-deep_level,degree_product,2,2,42002020000,cv,5200,1300,0.7933510998690094,0.7980535279805353,0.6776859504132231,0.970414201183432
low_level-low_level,baseline,2,2,42002020000,cv,5200,1300,0.9578947368421052,0.8648648648648649,0.8888888888888888,0.8421052631578947
low_level-low_level,fusion,2,2,42002020000,cv,5200,1300,0.9578947368421052,0.9230769230769232,0.9,0.9473684210526316
low_level-low_level,topo_only,2,2,42002020000,cv,5200,1300,0.9298245614035088,0.8333333333333334,0.8823529411764706,0.7894736842105263
low_level-low_level,common_neighbors,2,2,42002020000,cv,5200,1300,0.9403508771929824,0.7058823529411765,0.8,0.631578947368421
low_level-low_level,degree_product,2,2,42002020000,cv,5200,1300,0.856140350877193,0.75,0.6206896551724138,0.9473684210526316
deep_level-deep_level,baseline,2,2,42002020000,cv,5200,1300,0.9692307692307692,0.9230769230769232,0.9473684210526316,0.9
deep_level-deep_level,fusion,2,2,42002020000,cv,5200,1300,0.9923076923076922,0.975,0.975,0.975
deep_level-deep_level,topo_only,2,2,42002020000,cv,5200,1300,0.9057692307692308,0.8947368421052632,0.9444444444444444,0.85
deep_level-deep_level,common_neighbors,2,2,42002020000,cv,5200,1300,0.9192307692307692,0.9135802469135802,0.902439024390244,0.925
deep_level-deep_level,degree_product,2,2,42002020000,cv,5200,1300,0.7826923076923077,0.8941176470588236,0.8444444444444444,0.95
low_level-deep_level,baseline,2,3,42003020000,cv,5200,1300,0.9714285714285714,0.898876404494382,0.9090909090909092,0.8888888888888888
low_level-deep_level,fusion,2,3,42003020000,cv,5200,1300,0.986904761904762,0.946236559139785,0.9166666666666666,0.9777777777777776
low_level-deep_level,topo_only,2,3,42003020000,cv,5200,1300,0.942063492063492,0.8444444444444444,0.8444444444444444,0.8444444444444444
low_level-deep_level,common_neighbors,2,3,42003020000,cv,5200,1300,0.8702380952380953,0.7578947368421053,0.72,0.8
low_level-deep_level,degree_product,2,3,42003020000,cv,5200,1300,0.6706349206349206,0.660377358490566,0.5737704918032787,0.7777777777777778
low_level-mid_level,baseline,2,3,42003020000,cv,5200,1300,0.9389997624138752,0.8539325842696629,0.8837209302325582,0.8260869565217391
low_level-mid_level,fusion,2,3,42003020000,cv,5200,1300,0.9910311237823712,0.93048128342246,0.9157894736842104,0.9456521739130436
low_level-mid_level,topo_only,2,3,42003020000,cv,5200,1300,0.948503207412687,0.8241206030150754,0.7663551401869159,0.8913043478260869
low_level-mid_level,common_neighbors,2,3,42003020000,cv,5200,1300,0.8856319790924209,0.71875,0.69,0.75
low_level-mid_level,degree_product,2,3,42003020000,cv,5200,1300,0.7522570681872178,0.6186440677966102,0.5069444444444444,0.7934782608695652
mid_level-mid_level,baseline,2,3,42003020000,cv,5200,1300,0.9707788421491044,0.905511811023622,0.8745247148288974,0.9387755102040816
mid_level-mid_level,fusion,2,3,42003020000,cv,5200,1300,0.983890045814244,0.9428571428571428,0.9428571428571428,0.9428571428571428
mid_level-mid_level,topo_only,2,3,42003020000,cv,5200,1300,0.9362765514369014,0.8582995951417004,0.8514056224899599,0.8653061224489796
mid_level-mid_level,common_neighbors,2,3,42003020000,cv,5200,1300,0.8884714702207414,0.8093385214007782,0.7732342007434945,0.8489795918367347
mid_level-mid_level,degree_product,2,3,42003020000,cv,5200,1300,0.7824822990420659,0.7285223367697594,0.629080118694362,0.8653061224489796
mid_level-deep_level,baseline,2,3,42003020000,cv,5200,1300,0.97387935805202,0.9387755102040816,0.934010152284264,0.9435897435897436
mid_level-deep_level,fusion,2,3,42003020000,cv,5200,1300,0.9819221545840252,0.9587628865979382,0.9637305699481864,0.953846153846154
mid_level-deep_level,topo_only,2,3,42003020000,cv,5200,1300,0.9575355100534956,0.9054726368159204,0.8792270531400966,0.9333333333333332
mid_level-deep_level,common_neighbors,2,3,42003020000,cv,5200,1300,0.9272274488101826,0.8495145631067961,0.8064516129032258,0.8974358974358975
mid_level-deep_level,degree_product,2,3,42003020000,cv,5200,1300,0.806603947611142,0.8089887640449438,0.72,0.9230769230769232
low_level-low_level,baseline,2,3,42003020000,cv,5200,1300,0.9196428571428572,0.8571428571428571,1.0,0.75
low_level-low_level,fusion,2,3,42003020000,cv,5200,1300,0.9940476190476192,0.967741935483871,1.0,0.9375
low_level-low_level,topo_only,2,3,42003020000,cv,5200,1300,0.9136904761904762,0.7741935483870968,0.8,0.75
low_level-low_level,common_neighbors,2,3,42003020000,cv,5200,1300,0.9285714285714286,0.8571428571428571,1.0,0.75
low_level-low_level,degree_product,2,3,42003020000,cv,5200,1300,0.7708333333333334,0.6470588235294118,0.6111111111111112,0.6875
deep_level-deep_level,baseline,2,3,42003020000,cv,5200,1300,0.9970760233918128,0.991150442477876,1.0,0.9824561403508772
deep_level-deep_level,fusion,2,3,42003020000,cv,5200,1300,0.9941520467836258,0.9734513274336284,0.9821428571428572,0.9649122807017544
deep_level-deep_level,topo_only,2,3,42003020000,cv,5200,1300,0.9912280701754386,0.9734513274336284,0.9821428571428572,0.9649122807017544
deep_level-deep_level,common_neighbors,2,3,42003020000,cv,5200,1300,0.9561403508771932,0.9649122807017544,0.9649122807017544,0.9649122807017544
deep_level-deep_level,degree_product,2,3,42003020000,cv,5200,1300,0.8830409356725146,0.9557522123893806,0.9642857142857144,0.9473684210526316
low_level-deep_level,baseline,2,4,42004020000,cv,5200,1300,0.9895678092399404,0.9318181818181818,0.9318181818181818,0.9318181818181818
low_level-deep_level,fusion,2,4,42004020000,cv,5200,1300,0.996274217585693,0.9411764705882352,0.975609756097561,0.9090909090909092
low_level-deep_level,topo_only,2,4,42004020000,cv,5200,1300,0.9675856929955292,0.891566265060241,0.9487179487179488,0.8409090909090909
low_level-deep_level,common_neighbors,2,4,42004020000,cv,5200,1300,0.8923248882265276,0.7,0.7777777777777778,0.6363636363636364
low_level-deep_level,degree_product,2,4,42004020000,cv,5200,1300,0.7518628912071535,0.6972477064220184,0.5846153846153846,0.8636363636363636
low_level-mid_level,baseline,2,4,42004020000,cv,5200,1300,0.9492182614133832,0.8677685950413223,0.8823529411764706,0.8536585365853658
low_level-mid_level,fusion,2,4,42004020000,cv,5200,1300,0.9804878048780488,0.9367088607594936,0.9736842105263158,0.902439024390244
low_level-mid_level,topo_only,2,4,42004020000,cv,5200,1300,0.9340421096518656,0.7983870967741935,0.792,0.8048780487804879
low_level-mid_level,common_neighbors,2,4,42004020000,cv,5200,1300,0.8736710444027518,0.6915887850467289,0.8131868131868132,0.6016260162601627
low_level-mid_level,degree_product,2,4,42004020000,cv,5200,1300,0.7583072753804461,0.632996632996633,0.5402298850574713,0.7642276422764228
mid_level-mid_level,baseline,2,4,42004020000,cv,5200,1300,0.9735195750541018,0.9129511677282378,0.8921161825726142,0.9347826086956522
mid_level-mid_level,fusion,2,4,42004020000,cv,5200,1300,0.9897698209718668,0.958963282937365,0.9527896995708156,0.9652173913043478
mid_level-mid_level,topo_only,2,4,42004020000,cv,5200,1300,0.9362581152862484,0.8558951965065502,0.8596491228070176,0.8521739130434782
mid_level-mid_level,common_neighbors,2,4,42004020000,cv,5200,1300,0.9145288215620696,0.8363636363636363,0.8761904761904762,0.8
mid_level-mid_level,degree_product,2,4,42004020000,cv,5200,1300,0.8166240409207162,0.7540394973070018,0.6422018348623854,0.9130434782608696
mid_level-deep_level,baseline,2,4,42004020000,cv,5200,1300,0.9661871921182268,0.9285714285714286,0.8986175115207373,0.9605911330049262
mid_level-deep_level,fusion,2,4,42004020000,cv,5200,1300,0.9880197044334976,0.9633251833740832,0.9563106796116504,0.9704433497536946
mid_level-deep_level,topo_only,2,4,42004020000,cv,5200,1300,0.941950738916256,0.8854961832061069,0.9157894736842104,0.8571428571428571
mid_level-deep_level,common_neighbors,2,4,42004020000,cv,5200,1300,0.8837241379310345,0.8489208633093526,0.8271028037383178,0.8719211822660099
mid_level-deep_level,degree_product,2,4,42004020000,cv,5200,1300,0.7478226600985222,0.8272921108742004,0.7293233082706767,0.955665024630542
low_level-low_level,baseline,2,4,42004020000,cv,5200,1300,1.0,0.9655172413793104,0.9333333333333332,1.0
low_level-low_level,fusion,2,4,42004020000,cv,5200,1300,0.9956709956709956,0.9655172413793104,0.9333333333333332,1.0
low_level-low_level,topo_only,2,4,42004020000,cv,5200,1300,0.9761904761904762,0.8275862068965517,0.8,0.8571428571428571
low_level-low_level,common_neighbors,2,4,42004020000,cv,5200,1300,0.9274891774891776,0.8148148148148148,0.8461538461538461,0.7857142857142857
low_level-low_level,degree_product,2,4,42004020000,cv,5200,1300,0.8203463203463204,0.6857142857142857,0.5714285714285714,0.8571428571428571
deep_level-deep_level,baseline,2,4,42004020000,cv,5200,1300,0.9648148148148148,0.9166666666666666,0.9166666666666666,0.9166666666666666
deep_level-deep_level,fusion,2,4,42004020000,cv,5200,1300,0.9592592592592591,0.9315068493150684,0.918918918918919,0.9444444444444444
deep_level-deep_level,topo_only,2,4,42004020000,cv,5200,1300,0.901851851851852,0.9142857142857144,0.9411764705882352,0.8888888888888888
deep_level-deep_level,common_neighbors,2,4,42004020000,cv,5200,1300,0.8925925925925926,0.8333333333333334,0.8333333333333334,0.8333333333333334
deep_level-deep_level,degree_product,2,4,42004020000,cv,5200,1300,0.7111111111111111,0.8205128205128205,0.7619047619047619,0.8888888888888888
low_level-deep_level,baseline,3,0,42000030000,cv,5200,1300,0.9677248677248677,0.9295774647887324,0.9166666666666666,0.9428571428571428
low_level-deep_level,fusion,3,0,42000030000,cv,5200,1300,0.9957671957671956,0.9411764705882352,0.9696969696969696,0.9142857142857144
low_level-deep_level,topo_only,3,0,42000030000,cv,5200,1300,0.9455026455026456,0.8285714285714286,0.8285714285714286,0.8285714285714286
low_level-deep_level,common_neighbors,3,0,42000030000,cv,5200,1300,0.87989417989418,0.717948717948718,0.6511627906976745,0.8
low_level-deep_level,degree_product,3,0,42000030000,cv,5200,1300,0.7306878306878307,0.6236559139784946,0.5,0.8285714285714286
low_level-mid_level,baseline,3,0,42000030000,cv,5200,1300,0.9528091029157776,0.8461538461538461,0.8301886792452831,0.8627450980392157
low_level-mid_level,fusion,3,0,42000030000,cv,5200,1300,0.9811541196789596,0.9230769230769232,0.967741935483871,0.8823529411764706
low_level-mid_level,topo_only,3,0,42000030000,cv,5200,1300,0.9326932845677132,0.7902439024390244,0.7864077669902912,0.7941176470588235
low_level-mid_level,common_neighbors,3,0,42000030000,cv,5200,1300,0.8260184902976735,0.6730769230769231,0.660377358490566,0.6862745098039216
low_level-mid_level,degree_product,3,0,42000030000,cv,5200,1300,0.6901351214060754,0.5482625482625483,0.4522292993630573,0.696078431372549
mid_level-mid_level,baseline,3,0,42000030000,cv,5200,1300,0.967781007751938,0.9277566539923956,0.9104477611940298,0.9457364341085271
mid_level-mid_level,fusion,3,0,42000030000,cv,5200,1300,0.9799280177187154,0.9434697855750488,0.9490196078431372,0.937984496124031
mid_level-mid_level,topo_only,3,0,42000030000,cv,5200,1300,0.9377595514950168,0.8423153692614771,0.8683127572016461,0.8178294573643411
mid_level-mid_level,common_neighbors,3,0,42000030000,cv,5200,1300,0.9017684108527132,0.8314606741573034,0.8043478260869565,0.8604651162790697
mid_level-mid_level,degree_product,3,0,42000030000,cv,5200,1300,0.8117559523809524,0.7720465890183028,0.6763848396501457,0.8992248062015504
mid_level-deep_level,baseline,3,0,42000030000,cv,5200,1300,0.9417665498801402,0.9090909090909092,0.8838383838383839,0.9358288770053476
mid_level-deep_level,fusion,3,0,42000030000,cv,5200,1300,0.9643370827955008,0.9358288770053476,0.9358288770053476,0.9358288770053476
mid_level-deep_level,topo_only,3,0,42000030000,cv,5200,1300,0.9359763968283238,0.8753462603878116,0.9080459770114944,0.8449197860962567
mid_level-deep_level,common_neighbors,3,0,42000030000,cv,5200,1300,0.91928821685414,0.8349514563106796,0.7644444444444445,0.9197860962566844
mid_level-deep_level,degree_product,3,0,42000030000,cv,5200,1300,0.8251890097731883,0.7928730512249443,0.6793893129770993,0.9518716577540108
low_level-low_level,baseline,3,0,42000030000,cv,5200,1300,0.9668737060041408,0.9047619047619048,0.9047619047619048,0.9047619047619048
low_level-low_level,fusion,3,0,42000030000,cv,5200,1300,1.0,0.975609756097561,1.0,0.9523809523809524
low_level-low_level,topo_only,3,0,42000030000,cv,5200,1300,0.9751552795031057,0.9523809523809524,0.9523809523809524,0.9523809523809524
low_level-low_level,common_neighbors,3,0,42000030000,cv,5200,1300,0.917184265010352,0.8,0.8421052631578947,0.7619047619047619
low_level-low_level,degree_product,3,0,42000030000,cv,5200,1300,0.7391304347826086,0.6363636363636364,0.6086956521739131,0.6666666666666666
deep_level-deep_level,baseline,3,0,42000030000,cv,5200,1300,0.9980657640232108,0.9894736842105264,0.9791666666666666,1.0
deep_level-deep_level,fusion,3,0,42000030000,cv,5200,1300,1.0,0.9782608695652174,1.0,0.9574468085106383
deep_level-deep_level,topo_only,3,0,42000030000,cv,5200,1300,0.9806576402321082,0.9333333333333332,0.9767441860465116,0.8936170212765957
deep_level-deep_level,common_neighbors,3,0,42000030000,cv,5200,1300,0.9777562862669246,0.9583333333333334,0.9387755102040816,0.9787234042553192
deep_level-deep_level,degree_product,3,0,42000030000,cv,5200,1300,0.9032882011605416,0.9278350515463918,0.9,0.9574468085106383
low_level-deep_level,baseline,3,1,42001030000,cv,5200,1300,0.9948849104859336,0.946236559139785,0.9361702127659576,0.9565217391304348
low_level-deep_level,fusion,3,1,42001030000,cv,5200,1300,0.9914748508098892,0.9565217391304348,0.9565217391304348,0.9565217391304348
low_level-deep_level,topo_only,3,1,42001030000,cv,5200,1300,0.9718670076726342,0.8863636363636364,0.9285714285714286,0.8478260869565217
low_level-deep_level,common_neighbors,3,1,42001030000,cv,5200,1300,0.9000426257459506,0.8041237113402062,0.7647058823529411,0.8478260869565217
low_level-deep_level,degree_product,3,1,42001030000,cv,5200,1300,0.7953964194373402,0.7272727272727273,0.6792452830188679,0.782608695652174
low_level-mid_level,baseline,3,1,42001030000,cv,5200,1300,0.956505376344086,0.8585365853658536,0.8380952380952381,0.88
low_level-mid_level,fusion,3,1,42001030000,cv,5200,1300,0.9870430107526882,0.9306930693069309,0.9215686274509804,0.94
low_level-mid_level,topo_only,3,1,42001030000,cv,5200,1300,0.938010752688172,0.8148148148148148,0.7586206896551724,0.88
low_level-mid_level,common_neighbors,3,1,42001030000,cv,5200,1300,0.8677688172043011,0.7511737089201878,0.7079646017699115,0.8
low_level-mid_level,degree_product,3,1,42001030000,cv,5200,1300,0.7469892473118279,0.6072874493927125,0.5102040816326531,0.75
mid_level-mid_level,baseline,3,1,42001030000,cv,5200,1300,0.9711048068341196,0.9115384615384616,0.8876404494382022,0.9367588932806324
mid_level-mid_level,fusion,3,1,42001030000,cv,5200,1300,0.9934495728675252,0.9623762376237625,0.9642857142857144,0.9604743083003952
mid_level-mid_level,topo_only,3,1,42001030000,cv,5200,1300,0.9409027157975264,0.8683693516699411,0.86328125,0.8735177865612648
mid_level-mid_level,common_neighbors,3,1,42001030000,cv,5200,1300,0.887176463088104,0.8073394495412844,0.7534246575342466,0.8695652173913043
mid_level-mid_level,degree_product,3,1,42001030000,cv,5200,1300,0.7784489353563688,0.7233333333333334,0.6253602305475504,0.857707509881423
mid_level-deep_level,baseline,3,1,42001030000,cv,5200,1300,0.9538793103448276,0.8876712328767123,0.8756756756756757,0.9
mid_level-deep_level,fusion,3,1,42001030000,cv,5200,1300,0.9852490421455938,0.9464788732394366,0.96,0.9333333333333332
mid_level-deep_level,topo_only,3,1,42001030000,cv,5200,1300,0.9374521072796936,0.8739495798319328,0.8813559322033898,0.8666666666666667
mid_level-deep_level,common_neighbors,3,1,42001030000,cv,5200,1300,0.9010775862068966,0.8608923884514436,0.8159203980099502,0.9111111111111112
mid_level-deep_level,degree_product,3,1,42001030000,cv,5200,1300,0.7917624521072797,0.8109452736318408,0.7342342342342343,0.9055555555555556
low_level-low_level,baseline,3,1,42001030000,cv,5200,1300,0.9885416666666668,0.92,0.8846153846153846,0.9583333333333334
low_level-low_level,fusion,3,1,42001030000,cv,5200,1300,0.9989583333333332,0.979591836734694,0.96,1.0
low_level-low_level,topo_only,3,1,42001030000,cv,5200,1300,0.9333333333333332,0.7916666666666666,0.7916666666666666,0.7916666666666666
low_level-low_level,common_neighbors,3,1,42001030000,cv,5200,1300,0.9119791666666668,0.84,0.8076923076923077,0.875
low_level-low_level,degree_product,3,1,42001030000,cv,5200,1300,0.753125,0.6274509803921569,0.5925925925925926,0.6666666666666666
deep_level-deep_level,baseline,3,1,42001030000,cv,5200,1300,0.9810874704491724,0.968421052631579,0.9583333333333334,0.9787234042553192
deep_level-deep_level,fusion,3,1,42001030000,cv,5200,1300,1.0,1.0,1.0,1.0
deep_level-deep_level,topo_only,3,1,42001030000,cv,5200,1300,0.9692671394799056,0.9213483146067416,0.9761904761904762,0.8723404255319149
deep_level-deep_level,common_neighbors,3,1,42001030000,cv,5200,1300,0.9739952718676124,0.9583333333333334,0.9387755102040816,0.9787234042553192
deep_level-deep_level,degree_product,3,1,42001030000,cv,5200,1300,0.8817966903073287,0.9583333333333334,0.9387755102040816,0.9787234042553192
low_level-deep_level,baseline,3,2,42002030000,cv,5200,1300,0.9653571428571428,0.8990825688073395,0.9245283018867924,0.875
low_level-deep_level,fusion,3,2,42002030000,cv,5200,1300,0.9957142857142858,0.9642857142857144,0.9642857142857144,0.9642857142857144
low_level-deep_level,topo_only,3,2,42002030000,cv,5200,1300,0.9721428571428572,0.9090909090909092,0.925925925925926,0.8928571428571429
low_level-deep_level,common_neighbors,3,2,42002030000,cv,5200,1300,0.8921428571428571,0.8108108108108109,0.8181818181818182,0.8035714285714286
low_level-deep_level,degree_product,3,2,42002030000,cv,5200,1300,0.7453571428571428,0.7575757575757576,0.6578947368421053,0.8928571428571429
low_level-mid_level,baseline,3,2,42002030000,cv,5200,1300,0.9515673981191224,0.8546255506607929,0.8290598290598291,0.8818181818181818
low_level-mid_level,fusion,3,2,42002030000,cv,5200,1300,0.993939393939394,0.9629629629629628,0.981132075471698,0.9454545454545454
low_level-mid_level,topo_only,3,2,42002030000,cv,5200,1300,0.9088819226750262,0.775330396475771,0.7521367521367521,0.8
low_level-mid_level,common_neighbors,3,2,42002030000,cv,5200,1300,0.8987983281086729,0.7878787878787878,0.7520661157024794,0.8272727272727273
low_level-mid_level,degree_product,3,2,42002030000,cv,5200,1300,0.7821316614420062,0.6622950819672131,0.517948717948718,0.9181818181818182
mid_level-mid_level,baseline,3,2,42002030000,cv,5200,1300,0.9463106469002696,0.8638297872340426,0.8252032520325203,0.90625
mid_level-mid_level,fusion,3,2,42002030000,cv,5200,1300,0.9876600404312668,0.9281045751633988,0.9063829787234042,0.9508928571428572
mid_level-mid_level,topo_only,3,2,42002030000,cv,5200,1300,0.9387803234501348,0.854122621564482,0.8112449799196787,0.9017857142857144
mid_level-mid_level,common_neighbors,3,2,42002030000,cv,5200,1300,0.9224561994609164,0.8326530612244898,0.7669172932330827,0.9107142857142856
mid_level-mid_level,degree_product,3,2,42002030000,cv,5200,1300,0.8184888814016174,0.7272727272727273,0.5837837837837838,0.9642857142857144
mid_level-deep_level,baseline,3,2,42002030000,cv,5200,1300,0.981271186440678,0.9362745098039216,0.9182692307692308,0.955
mid_level-deep_level,fusion,3,2,42002030000,cv,5200,1300,0.9981355932203392,0.9824561403508772,0.984924623115578,0.98
mid_level-deep_level,topo_only,3,2,42002030000,cv,5200,1300,0.9617796610169492,0.9191919191919192,0.9285714285714286,0.91
mid_level-deep_level,common_neighbors,3,2,42002030000,cv,5200,1300,0.918093220338983,0.875,0.8425925925925926,0.91
mid_level-deep_level,degree_product,3,2,42002030000,cv,5200,1300,0.8073305084745762,0.8423326133909287,0.7414448669201521,0.975
low_level-low_level,baseline,3,2,42002030000,cv,5200,1300,0.9962406015037596,0.9142857142857144,1.0,0.8421052631578947
low_level-low_level,fusion,3,2,42002030000,cv,5200,1300,0.9981203007518796,0.972972972972973,1.0,0.9473684210526316
low_level-low_level,topo_only,3,2,42002030000,cv,5200,1300,0.9774436090225564,0.9142857142857144,1.0,0.8421052631578947
low_level-low_level,common_neighbors,3,2,42002030000,cv,5200,1300,0.918233082706767,0.7777777777777778,0.8235294117647058,0.7368421052631579
low_level-low_level,degree_product,3,2,42002030000,cv,5200,1300,0.8007518796992481,0.7083333333333334,0.5862068965517241,0.8947368421052632
deep_level-deep_level,baseline,3,2,42002030000,cv,5200,1300,0.9414634146341464,0.9135802469135802,0.925,0.902439024390244
deep_level-deep_level,fusion,3,2,42002030000,cv,5200,1300,0.9560975609756096,0.95,0.9743589743589745,0.926829268292683
deep_level-deep_level,topo_only,3,2,42002030000,cv,5200,1300,0.88130081300813,0.8888888888888888,0.9,0.8780487804878049
deep_level-deep_level,common_neighbors,3,2,42002030000,cv,5200,1300,0.8617886178861788,0.8780487804878049,0.8780487804878049,0.8780487804878049
deep_level-deep_level,degree_product,3,2,42002030000,cv,5200,1300,0.7235772357723578,0.8539325842696629,0.7916666666666666,0.926829268292683
low_level-deep_level,baseline,3,3,42003030000,cv,5200,1300,0.9694002447980417,0.896551724137931,0.8863636363636364,0.9069767441860463
low_level-deep_level,fusion,3,3,42003030000,cv,5200,1300,0.9881680946552428,0.963855421686747,1.0,0.9302325581395348
low_level-deep_level,topo_only,3,3,42003030000,cv,5200,1300,0.9453284373725008,0.8636363636363636,0.8444444444444444,0.8837209302325582
low_level-deep_level,common_neighbors,3,3,42003030000,cv,5200,1300,0.8839249286005713,0.7722772277227723,0.6724137931034483,0.9069767441860463
low_level-deep_level,degree_product,3,3,42003030000,cv,5200,1300,0.6956344349245206,0.6885245901639344,0.5316455696202531,0.9767441860465116
low_level-mid_level,baseline,3,3,42003030000,cv,5200,1300,0.9632599580712788,0.8666666666666667,0.875,0.8584905660377359
low_level-mid_level,fusion,3,3,42003030000,cv,5200,1300,0.9842767295597484,0.946341463414634,0.9797979797979798,0.9150943396226416
low_level-mid_level,topo_only,3,3,42003030000,cv,5200,1300,0.9485849056603776,0.8425925925925926,0.8272727272727273,0.8584905660377359
low_level-mid_level,common_neighbors,3,3,42003030000,cv,5200,1300,0.876703354297694,0.7238095238095238,0.7307692307692307,0.7169811320754716
low_level-mid_level,degree_product,3,3,42003030000,cv,5200,1300,0.7641509433962264,0.6304347826086957,0.5117647058823529,0.8207547169811321
mid_level-mid_level,baseline,3,3,42003030000,cv,5200,1300,0.9749460580912864,0.9046653144016228,0.8849206349206349,0.925311203319502
mid_level-mid_level,fusion,3,3,42003030000,cv,5200,1300,0.9938257261410788,0.968944099378882,0.9669421487603306,0.970954356846473
mid_level-mid_level,topo_only,3,3,42003030000,cv,5200,1300,0.9481327800829876,0.8636363636363636,0.8600823045267489,0.8672199170124482
mid_level-mid_level,common_neighbors,3,3,42003030000,cv,5200,1300,0.9069543568464732,0.8129770992366412,0.7526501766784452,0.8838174273858921
mid_level-mid_level,degree_product,3,3,42003030000,cv,5200,1300,0.7958008298755187,0.7443365695792881,0.610079575596817,0.9543568464730292
mid_level-deep_level,baseline,3,3,42003030000,cv,5200,1300,0.9563492063492064,0.9317073170731708,0.9138755980861244,0.9502487562189056
mid_level-deep_level,fusion,3,3,42003030000,cv,5200,1300,0.9826265497907288,0.9576059850374063,0.96,0.9552238805970148
mid_level-deep_level,topo_only,3,3,42003030000,cv,5200,1300,0.9466161257206032,0.8883374689826302,0.8861386138613861,0.8905472636815921
mid_level-deep_level,common_neighbors,3,3,42003030000,cv,5200,1300,0.8848021795782989,0.8623853211009175,0.8,0.9353233830845772
mid_level-deep_level,degree_product,3,3,42003030000,cv,5200,1300,0.7606807233672905,0.8050314465408805,0.6956521739130435,0.9552238805970148
low_level-low_level,baseline,3,3,42003030000,cv,5200,1300,0.9925925925925926,0.8695652173913043,0.7692307692307693,1.0
low_level-low_level,fusion,3,3,42003030000,cv,5200,1300,1.0,1.0,1.0,1.0
low_level-low_level,topo_only,3,3,42003030000,cv,5200,1300,0.9296296296296296,0.7619047619047619,0.7272727272727273,0.8
low_level-low_level,common_neighbors,3,3,42003030000,cv,5200,1300,0.9444444444444444,0.7619047619047619,0.7272727272727273,0.8
low_level-low_level,degree_product,3,3,42003030000,cv,5200,1300,0.8148148148148148,0.6666666666666666,0.5,1.0
deep_level-deep_level,baseline,3,3,42003030000,cv,5200,1300,0.9877551020408164,0.96,0.9411764705882352,0.979591836734694
deep_level-deep_level,fusion,3,3,42003030000,cv,5200,1300,0.9959183673469388,0.9896907216494846,1.0,0.979591836734694
deep_level-deep_level,topo_only,3,3,42003030000,cv,5200,1300,0.9408163265306122,0.9375,0.9574468085106383,0.9183673469387756
deep_level-deep_level,common_neighbors,3,3,42003030000,cv,5200,1300,0.973469387755102,0.96,0.9411764705882352,0.979591836734694
deep_level-deep_level,degree_product,3,3,42003030000,cv,5200,1300,0.9061224489795918,0.9423076923076924,0.8909090909090909,1.0
low_level-deep_level,baseline,3,4,42004030000,cv,5200,1300,0.9822082679225536,0.95,0.926829268292683,0.9743589743589745
low_level-deep_level,fusion,3,4,42004030000,cv,5200,1300,0.9916274201988488,0.961038961038961,0.9736842105263158,0.9487179487179488
low_level-deep_level,topo_only,3,4,42004030000,cv,5200,1300,0.9298796441653584,0.8354430379746836,0.825,0.8461538461538461
low_level-deep_level,common_neighbors,3,4,42004030000,cv,5200,1300,0.849293563579278,0.7252747252747253,0.6346153846153846,0.8461538461538461
low_level-deep_level,degree_product,3,4,42004030000,cv,5200,1300,0.6766091051805337,0.6371681415929203,0.4864864864864865,0.9230769230769232
low_level-mid_level,baseline,3,4,42004030000,cv,5200,1300,0.9707773386034256,0.8755364806866953,0.864406779661017,0.8869565217391304
low_level-mid_level,fusion,3,4,42004030000,cv,5200,1300,0.9948353096179184,0.9649122807017544,0.9734513274336284,0.9565217391304348
low_level-mid_level,topo_only,3,4,42004030000,cv,5200,1300,0.9567852437417655,0.8571428571428571,0.8807339449541285,0.8347826086956521
low_level-mid_level,common_neighbors,3,4,42004030000,cv,5200,1300,0.8857444005270092,0.7796610169491526,0.7603305785123967,0.8
low_level-mid_level,degree_product,3,4,42004030000,cv,5200,1300,0.7727009222661396,0.6625,0.5170731707317073,0.9217391304347826
mid_level-mid_level,baseline,3,4,42004030000,cv,5200,1300,0.9547599350430492,0.8818011257035647,0.8545454545454545,0.9108527131782944
mid_level-mid_level,fusion,3,4,42004030000,cv,5200,1300,0.9896589760088244,0.953125,0.9606299212598424,0.9457364341085271
mid_level-mid_level,topo_only,3,4,42004030000,cv,5200,1300,0.93878113797224,0.8730769230769231,0.8664122137404581,0.8798449612403101
mid_level-mid_level,common_neighbors,3,4,42004030000,cv,5200,1300,0.9124613169102552,0.8447653429602888,0.7905405405405406,0.9069767441860463
mid_level-mid_level,degree_product,3,4,42004030000,cv,5200,1300,0.8129883261329166,0.7466266866566716,0.60880195599022,0.9651162790697676
mid_level-deep_level,baseline,3,4,42004030000,cv,5200,1300,0.9732886170842376,0.934036939313984,0.9123711340206184,0.9567567567567568
mid_level-deep_level,fusion,3,4,42004030000,cv,5200,1300,0.9926612744130991,0.9487870619946092,0.946236559139785,0.9513513513513514
mid_level-deep_level,topo_only,3,4,42004030000,cv,5200,1300,0.943736437167094,0.8702702702702703,0.8702702702702703,0.8702702702702703
mid_level-deep_level,common_neighbors,3,4,42004030000,cv,5200,1300,0.8923259025448806,0.8321167883211679,0.7566371681415929,0.9243243243243244
mid_level-deep_level,degree_product,3,4,42004030000,cv,5200,1300,0.7869402248964293,0.8008948545861297,0.683206106870229,0.9675675675675676
low_level-low_level,baseline,3,4,42004030000,cv,5200,1300,0.9208333333333334,0.7741935483870968,0.8,0.75
low_level-low_level,fusion,3,4,42004030000,cv,5200,1300,0.9666666666666666,0.896551724137931,1.0,0.8125
low_level-low_level,topo_only,3,4,42004030000,cv,5200,1300,0.9583333333333334,0.9032258064516128,0.9333333333333332,0.875
low_level-low_level,common_neighbors,3,4,42004030000,cv,5200,1300,0.9333333333333332,0.7333333333333333,0.7857142857142857,0.6875
low_level-low_level,degree_product,3,4,42004030000,cv,5200,1300,0.8354166666666667,0.7142857142857143,0.5769230769230769,0.9375
deep_level-deep_level,baseline,3,4,42004030000,cv,5200,1300,0.9493243243243245,0.9210526315789472,0.8974358974358975,0.945945945945946
deep_level-deep_level,fusion,3,4,42004030000,cv,5200,1300,0.9966216216216216,0.96,0.9473684210526316,0.972972972972973
deep_level-deep_level,topo_only,3,4,42004030000,cv,5200,1300,0.9408783783783784,0.9444444444444444,0.9714285714285714,0.918918918918919
deep_level-deep_level,common_neighbors,3,4,42004030000,cv,5200,1300,0.9391891891891893,0.9230769230769232,0.8780487804878049,0.972972972972973
deep_level-deep_level,degree_product,3,4,42004030000,cv,5200,1300,0.8344594594594594,0.8888888888888888,0.8181818181818182,0.972972972972973
low_level-deep_level,baseline,4,0,42000040000,cv,5200,1300,0.9845261121856866,0.9166666666666666,0.8461538461538461,1.0
low_level-deep_level,fusion,4,0,42000040000,cv,5200,1300,0.9912959381044488,0.9318181818181818,0.9318181818181818,0.9318181818181818
low_level-deep_level,topo_only,4,0,42000040000,cv,5200,1300,0.9632495164410058,0.9069767441860463,0.9285714285714286,0.8863636363636364
low_level-deep_level,common_neighbors,4,0,42000040000,cv,5200,1300,0.9047388781431336,0.8080808080808081,0.7272727272727273,0.9090909090909092
low_level-deep_level,degree_product,4,0,42000040000,cv,5200,1300,0.7736943907156674,0.7047619047619048,0.6065573770491803,0.8409090909090909
low_level-mid_level,baseline,4,0,42000040000,cv,5200,1300,0.9707802141764406,0.88,0.8319327731092437,0.9339622641509434
low_level-mid_level,fusion,4,0,42000040000,cv,5200,1300,0.9932687404385518,0.9569377990430622,0.970873786407767,0.9433962264150944
low_level-mid_level,topo_only,4,0,42000040000,cv,5200,1300,0.9345741968383476,0.8076923076923077,0.8235294117647058,0.7924528301886793
low_level-mid_level,common_neighbors,4,0,42000040000,cv,5200,1300,0.8530341662417134,0.7416666666666667,0.664179104477612,0.839622641509434
low_level-mid_level,degree_product,4,0,42000040000,cv,5200,1300,0.7336562978072413,0.6007905138339921,0.5170068027210885,0.7169811320754716
mid_level-mid_level,baseline,4,0,42000040000,cv,5200,1300,0.9626573737166676,0.9068825910931174,0.8715953307392996,0.9451476793248944
mid_level-mid_level,fusion,4,0,42000040000,cv,5200,1300,0.9861630707733308,0.9473684210526316,0.9453781512605042,0.9493670886075948
mid_level-mid_level,topo_only,4,0,42000040000,cv,5200,1300,0.934761441090555,0.8473118279569892,0.8640350877192983,0.8312236286919831
mid_level-mid_level,common_neighbors,4,0,42000040000,cv,5200,1300,0.8744768444968312,0.7753623188405797,0.6793650793650794,0.9029535864978904
mid_level-mid_level,degree_product,4,0,42000040000,cv,5200,1300,0.7513110917507986,0.6979166666666666,0.5929203539823009,0.8481012658227848
mid_level-deep_level,baseline,4,0,42000040000,cv,5200,1300,0.9664410256410256,0.93,0.9073170731707316,0.953846153846154
mid_level-deep_level,fusion,4,0,42000040000,cv,5200,1300,0.9870358974358974,0.961038961038961,0.9736842105263158,0.9487179487179488
mid_level-deep_level,topo_only,4,0,42000040000,cv,5200,1300,0.9389128205128204,0.8923076923076924,0.8923076923076924,0.8923076923076924
mid_level-deep_level,common_neighbors,4,0,42000040000,cv,5200,1300,0.8730051282051282,0.8294930875576036,0.7531380753138075,0.9230769230769232
mid_level-deep_level,degree_product,4,0,42000040000,cv,5200,1300,0.7465025641025641,0.7734553775743707,0.6983471074380165,0.8666666666666667
low_level-low_level,baseline,4,0,42000040000,cv,5200,1300,0.9803921568627452,0.8181818181818182,0.6923076923076923,1.0
low_level-low_level,fusion,4,0,42000040000,cv,5200,1300,1.0,0.972972972972973,0.9473684210526316,1.0
low_level-low_level,topo_only,4,0,42000040000,cv,5200,1300,0.9607843137254902,0.8235294117647058,0.875,0.7777777777777778
low_level-low_level,common_neighbors,4,0,42000040000,cv,5200,1300,0.9509803921568628,0.8947368421052632,0.85,0.9444444444444444
low_level-low_level,degree_product,4,0,42000040000,cv,5200,1300,0.795751633986928,0.6486486486486487,0.631578947368421,0.6666666666666666
deep_level-deep_level,baseline,4,0,42000040000,cv,5200,1300,0.985,0.9702970297029704,0.9607843137254902,0.98
deep_level-deep_level,fusion,4,0,42000040000,cv,5200,1300,0.9883333333333332,0.9702970297029704,0.9607843137254902,0.98
deep_level-deep_level,topo_only,4,0,42000040000,cv,5200,1300,0.9016666666666666,0.9504950495049505,0.9411764705882352,0.96
deep_level-deep_level,common_neighbors,4,0,42000040000,cv,5200,1300,0.9408333333333332,0.9504950495049505,0.9411764705882352,0.96
deep_level-deep_level,degree_product,4,0,42000040000,cv,5200,1300,0.8433333333333334,0.9183673469387756,0.9375,0.9
low_level-deep_level,baseline,4,1,42001040000,cv,5200,1300,0.9701963534361852,0.8888888888888888,0.9090909090909092,0.8695652173913043
low_level-deep_level,fusion,4,1,42001040000,cv,5200,1300,0.9915848527349228,0.9333333333333332,0.9545454545454546,0.9130434782608696
low_level-deep_level,topo_only,4,1,42001040000,cv,5200,1300,0.95617110799439,0.8387096774193549,0.8297872340425532,0.8478260869565217
low_level-deep_level,common_neighbors,4,1,42001040000,cv,5200,1300,0.9016479663394108,0.7777777777777778,0.6774193548387096,0.9130434782608696
low_level-deep_level,degree_product,4,1,42001040000,cv,5200,1300,0.7577138849929874,0.688,0.5443037974683544,0.9347826086956522
low_level-mid_level,baseline,4,1,42001040000,cv,5200,1300,0.9387218963831868,0.8586956521739131,0.8681318681318682,0.8494623655913979
low_level-mid_level,fusion,4,1,42001040000,cv,5200,1300,0.9847262952101662,0.9230769230769232,0.9438202247191012,0.9032258064516128
low_level-mid_level,topo_only,4,1,42001040000,cv,5200,1300,0.9283357771260998,0.7934782608695652,0.8021978021978022,0.7849462365591398
low_level-mid_level,common_neighbors,4,1,42001040000,cv,5200,1300,0.8911595796676443,0.76,0.7102803738317757,0.8172043010752689
low_level-mid_level,degree_product,4,1,42001040000,cv,5200,1300,0.7792033235581622,0.6346863468634686,0.4831460674157303,0.9247311827956988
mid_level-mid_level,baseline,4,1,42001040000,cv,5200,1300,0.9621210827427206,0.8972332015810277,0.8697318007662835,0.926530612244898
mid_level-mid_level,fusion,4,1,42001040000,cv,5200,1300,0.9880112714541884,0.9484536082474226,0.9583333333333334,0.9387755102040816
mid_level-mid_level,topo_only,4,1,42001040000,cv,5200,1300,0.9321492613781914,0.8525252525252526,0.844,0.8612244897959184
mid_level-mid_level,common_neighbors,4,1,42001040000,cv,5200,1300,0.90180172487405,0.8118081180811808,0.7407407407407407,0.8979591836734694
mid_level-mid_level,degree_product,4,1,42001040000,cv,5200,1300,0.8044573477926735,0.7275590551181103,0.5923076923076923,0.9428571428571428
mid_level-deep_level,baseline,4,1,42001040000,cv,5200,1300,0.9676165803108808,0.935064935064935,0.9375,0.932642487046632
mid_level-deep_level,fusion,4,1,42001040000,cv,5200,1300,0.9755652378709372,0.9608355091383812,0.968421052631579,0.9533678756476685
mid_level-deep_level,topo_only,4,1,42001040000,cv,5200,1300,0.95635107552206,0.8974358974358975,0.8883248730964467,0.9067357512953368
mid_level-deep_level,common_neighbors,4,1,42001040000,cv,5200,1300,0.9162152614225152,0.8735083532219571,0.8097345132743363,0.9481865284974094
mid_level-deep_level,degree_product,4,1,42001040000,cv,5200,1300,0.8223818495839221,0.8095238095238095,0.6951672862453532,0.9689119170984456
low_level-low_level,baseline,4,1,42001040000,cv,5200,1300,0.9567901234567902,0.8888888888888888,0.8888888888888888,0.8888888888888888
low_level-low_level,fusion,4,1,42001040000,cv,5200,1300,1.0,0.972972972972973,0.9473684210526316,1.0
low_level-low_level,topo_only,4,1,42001040000,cv,5200,1300,0.9506172839506172,0.8648648648648649,0.8421052631578947,0.8888888888888888
low_level-low_level,common_neighbors,4,1,42001040000,cv,5200,1300,0.9465020576131687,0.8235294117647058,0.875,0.7777777777777778
low_level-low_level,degree_product,4,1,42001040000,cv,5200,1300,0.8703703703703703,0.7441860465116279,0.64,0.8888888888888888
deep_level-deep_level,baseline,4,1,42001040000,cv,5200,1300,0.9402597402597402,0.9174311926605504,0.925925925925926,0.9090909090909092
deep_level-deep_level,fusion,4,1,42001040000,cv,5200,1300,0.9558441558441558,0.9636363636363636,0.9636363636363636,0.9636363636363636
deep_level-deep_level,topo_only,4,1,42001040000,cv,5200,1300,0.9389610389610388,0.9174311926605504,0.925925925925926,0.9090909090909092
deep_level-deep_level,common_neighbors,4,1,42001040000,cv,5200,1300,0.9766233766233764,0.9391304347826088,0.9,0.9818181818181818
deep_level-deep_level,degree_product,4,1,42001040000,cv,5200,1300,0.8701298701298701,0.9166666666666666,0.8461538461538461,1.0
low_level-deep_level,baseline,4,2,42002040000,cv,5200,1300,0.9464558898521164,0.8918918918918919,0.8918918918918919,0.8918918918918919
low_level-deep_level,fusion,4,2,42002040000,cv,5200,1300,0.9821519632840388,0.9315068493150684,0.9444444444444444,0.918918918918919
low_level-deep_level,topo_only,4,2,42002040000,cv,5200,1300,0.9439061703212648,0.8205128205128205,0.7804878048780488,0.8648648648648649
low_level-deep_level,common_neighbors,4,2,42002040000,cv,5200,1300,0.8128505864354921,0.6904761904761905,0.6170212765957447,0.7837837837837838
low_level-deep_level,degree_product,4,2,42002040000,cv,5200,1300,0.6257011728709843,0.5581395348837209,0.4897959183673469,0.6486486486486487
low_level-mid_level,baseline,4,2,42002040000,cv,5200,1300,0.9420304265685592,0.8648648648648649,0.8807339449541285,0.8495575221238938
low_level-mid_level,fusion,4,2,42002040000,cv,5200,1300,0.9760863080441484,0.9244444444444444,0.9285714285714286,0.9203539823008848
low_level-mid_level,topo_only,4,2,42002040000,cv,5200,1300,0.9053892810977427,0.7841409691629956,0.7807017543859649,0.7876106194690266
low_level-mid_level,common_neighbors,4,2,42002040000,cv,5200,1300,0.8488863478174405,0.7031963470319634,0.7264150943396226,0.6814159292035398
low_level-mid_level,degree_product,4,2,42002040000,cv,5200,1300,0.7230287362036392,0.5983606557377049,0.5572519083969466,0.6460176991150443
mid_level-mid_level,baseline,4,2,42002040000,cv,5200,1300,0.9489685627817924,0.8845401174168297,0.8725868725868726,0.8968253968253969
mid_level-mid_level,fusion,4,2,42002040000,cv,5200,1300,0.9901179667716632,0.9523809523809524,0.9523809523809524,0.9523809523809524
mid_level-mid_level,topo_only,4,2,42002040000,cv,5200,1300,0.9544500030881352,0.8737864077669902,0.8555133079847909,0.8928571428571429
mid_level-mid_level,common_neighbors,4,2,42002040000,cv,5200,1300,0.9281854116484468,0.8282442748091603,0.7977941176470589,0.8611111111111112
mid_level-mid_level,degree_product,4,2,42002040000,cv,5200,1300,0.8493453152986228,0.7686832740213523,0.6967741935483871,0.8571428571428571
mid_level-deep_level,baseline,4,2,42002040000,cv,5200,1300,0.9583876331281176,0.9090909090909092,0.9090909090909092,0.9090909090909092
mid_level-deep_level,fusion,4,2,42002040000,cv,5200,1300,0.9951467217903204,0.9786096256684492,0.9786096256684492,0.9786096256684492
mid_level-deep_level,topo_only,4,2,42002040000,cv,5200,1300,0.9436480474542758,0.8870967741935484,0.8918918918918919,0.8823529411764706
mid_level-deep_level,common_neighbors,4,2,42002040000,cv,5200,1300,0.9064845189412664,0.86,0.8075117370892019,0.9197860962566844
mid_level-deep_level,degree_product,4,2,42002040000,cv,5200,1300,0.7815575428032175,0.8123515439429929,0.7307692307692307,0.9144385026737968
low_level-low_level,baseline,4,2,42002040000,cv,5200,1300,0.986863711001642,0.9,0.9473684210526316,0.8571428571428571
low_level-low_level,fusion,4,2,42002040000,cv,5200,1300,0.993431855500821,0.926829268292683,0.95,0.9047619047619048
low_level-low_level,topo_only,4,2,42002040000,cv,5200,1300,0.9408866995073892,0.8095238095238095,0.8095238095238095,0.8095238095238095
low_level-low_level,common_neighbors,4,2,42002040000,cv,5200,1300,0.9211822660098522,0.7692307692307693,0.8333333333333334,0.7142857142857143
low_level-low_level,degree_product,4,2,42002040000,cv,5200,1300,0.7372742200328407,0.5853658536585366,0.6,0.5714285714285714
deep_level-deep_level,baseline,4,2,42002040000,cv,5200,1300,0.9660714285714286,0.9367088607594936,0.9487179487179488,0.925
deep_level-deep_level,fusion,4,2,42002040000,cv,5200,1300,1.0,0.9873417721518988,1.0,0.975
deep_level-deep_level,topo_only,4,2,42002040000,cv,5200,1300,0.9892857142857144,0.951219512195122,0.9285714285714286,0.975
deep_level-deep_level,common_neighbors,4,2,42002040000,cv,5200,1300,0.94375,0.9285714285714286,0.8863636363636364,0.975
deep_level-deep_level,degree_product,4,2,42002040000,cv,5200,1300,0.8732142857142857,0.8674698795180723,0.8372093023255814,0.9
low_level-deep_level,baseline,4,3,42003040000,cv,5200,1300,0.9803921568627452,0.9,0.9230769230769232,0.8780487804878049
low_level-deep_level,fusion,4,3,42003040000,cv,5200,1300,0.9880439980870396,0.9367088607594936,0.9736842105263158,0.902439024390244
low_level-deep_level,topo_only,4,3,42003040000,cv,5200,1300,0.9665231946437112,0.9176470588235294,0.8863636363636364,0.951219512195122
low_level-deep_level,common_neighbors,4,3,42003040000,cv,5200,1300,0.9019607843137256,0.8222222222222222,0.7551020408163265,0.902439024390244
low_level-deep_level,degree_product,4,3,42003040000,cv,5200,1300,0.7704447632711622,0.7027027027027027,0.5571428571428572,0.951219512195122
low_level-mid_level,baseline,4,3,42003040000,cv,5200,1300,0.9562319140140554,0.8548387096774194,0.8153846153846154,0.8983050847457628
low_level-mid_level,fusion,4,3,42003040000,cv,5200,1300,0.9954009921455148,0.9369369369369368,1.0,0.8813559322033898
low_level-mid_level,topo_only,4,3,42003040000,cv,5200,1300,0.9627428689541134,0.8870292887029289,0.8760330578512396,0.8983050847457628
low_level-mid_level,common_neighbors,4,3,42003040000,cv,5200,1300,0.8872984704423315,0.8063241106719368,0.7555555555555555,0.864406779661017
low_level-mid_level,degree_product,4,3,42003040000,cv,5200,1300,0.7652439024390244,0.6766467065868264,0.5231481481481481,0.9576271186440678
mid_level-mid_level,baseline,4,3,42003040000,cv,5200,1300,0.9764607425441264,0.9094412331406552,0.8708487084870848,0.9516129032258064
mid_level-mid_level,fusion,4,3,42003040000,cv,5200,1300,0.9912507608034083,0.9565217391304348,0.9829787234042552,0.9314516129032258
mid_level-mid_level,topo_only,4,3,42003040000,cv,5200,1300,0.943822276323798,0.8571428571428571,0.8677685950413223,0.8467741935483871
mid_level-mid_level,common_neighbors,4,3,42003040000,cv,5200,1300,0.9027388922702374,0.8243992606284658,0.7610921501706485,0.8991935483870968
mid_level-mid_level,degree_product,4,3,42003040000,cv,5200,1300,0.7925745587340232,0.7334360554699538,0.5935162094763092,0.9596774193548387
mid_level-deep_level,baseline,4,3,42003040000,cv,5200,1300,0.9598679197358394,0.9048843187660668,0.8669950738916257,0.946236559139785
mid_level-deep_level,fusion,4,3,42003040000,cv,5200,1300,0.9848446363559394,0.95,0.9827586206896552,0.9193548387096774
mid_level-deep_level,topo_only,4,3,42003040000,cv,5200,1300,0.9645669291338582,0.9230769230769232,0.9438202247191012,0.9032258064516128
mid_level-deep_level,common_neighbors,4,3,42003040000,cv,5200,1300,0.9229531792396918,0.8628428927680798,0.8046511627906977,0.9301075268817204
mid_level-deep_level,degree_product,4,3,42003040000,cv,5200,1300,0.827745322157311,0.8179775280898877,0.7027027027027027,0.978494623655914
low_level-low_level,baseline,4,3,42003040000,cv,5200,1300,0.9090909090909092,0.7647058823529411,0.7222222222222222,0.8125
low_level-low_level,fusion,4,3,42003040000,cv,5200,1300,0.943181818181818,0.9333333333333332,1.0,0.875
low_level-low_level,topo_only,4,3,42003040000,cv,5200,1300,0.8958333333333333,0.7586206896551724,0.8461538461538461,0.6875
low_level-low_level,common_neighbors,4,3,42003040000,cv,5200,1300,0.8446969696969696,0.7222222222222222,0.65,0.8125
low_level-low_level,degree_product,4,3,42003040000,cv,5200,1300,0.7140151515151515,0.5714285714285714,0.4242424242424242,0.875
deep_level-deep_level,baseline,4,3,42003040000,cv,5200,1300,0.9585365853658536,0.975609756097561,0.975609756097561,0.975609756097561
deep_level-deep_level,fusion,4,3,42003040000,cv,5200,1300,0.997560975609756,0.9876543209876544,1.0,0.975609756097561
deep_level-deep_level,topo_only,4,3,42003040000,cv,5200,1300,0.9634146341463414,0.8767123287671232,1.0,0.7804878048780488
deep_level-deep_level,common_neighbors,4,3,42003040000,cv,5200,1300,0.9121951219512195,0.9397590361445785,0.9285714285714286,0.951219512195122
deep_level-deep_level,degree_product,4,3,42003040000,cv,5200,1300,0.7951219512195122,0.8941176470588236,0.8636363636363636,0.926829268292683
low_level-deep_level,baseline,4,4,42004040000,cv,5200,1300,0.9611928104575164,0.9215686274509804,0.9215686274509804,0.9215686274509804
low_level-deep_level,fusion,4,4,42004040000,cv,5200,1300,0.9979575163398692,0.9702970297029704,0.98,0.9607843137254902
low_level-deep_level,topo_only,4,4,42004040000,cv,5200,1300,0.9309640522875816,0.82,0.8367346938775511,0.803921568627451
low_level-deep_level,common_neighbors,4,4,42004040000,cv,5200,1300,0.8560049019607843,0.7543859649122807,0.6825396825396826,0.8431372549019608
low_level-deep_level,degree_product,4,4,42004040000,cv,5200,1300,0.6879084967320261,0.7090909090909091,0.6610169491525424,0.7647058823529411
low_level-mid_level,baseline,4,4,42004040000,cv,5200,1300,0.947074931540951,0.8571428571428571,0.87,0.8446601941747572
low_level-mid_level,fusion,4,4,42004040000,cv,5200,1300,0.9857107294000498,0.92,0.9484536082474226,0.8932038834951457
low_level-mid_level,topo_only,4,4,42004040000,cv,5200,1300,0.935225292506846,0.7857142857142857,0.8279569892473119,0.7475728155339806
low_level-mid_level,common_neighbors,4,4,42004040000,cv,5200,1300,0.8754543191436395,0.7280701754385965,0.664,0.8058252427184466
low_level-mid_level,degree_product,4,4,42004040000,cv,5200,1300,0.7552402290266367,0.6070038910505836,0.5064935064935064,0.7572815533980582
mid_level-mid_level,baseline,4,4,42004040000,cv,5200,1300,0.953373015873016,0.8857715430861723,0.8947368421052632,0.876984126984127
mid_level-mid_level,fusion,4,4,42004040000,cv,5200,1300,0.985854542966612,0.9579158316633266,0.9676113360323888,0.9484126984126984
mid_level-mid_level,topo_only,4,4,42004040000,cv,5200,1300,0.9456246579091406,0.8606060606060606,0.8765432098765432,0.8452380952380952
mid_level-mid_level,common_neighbors,4,4,42004040000,cv,5200,1300,0.9228499589490968,0.8446069469835467,0.7830508474576271,0.9166666666666666
mid_level-mid_level,degree_product,4,4,42004040000,cv,5200,1300,0.817084017515052,0.7757166947723441,0.6744868035190615,0.9126984126984128
mid_level-deep_level,baseline,4,4,42004040000,cv,5200,1300,0.9596822541966428,0.9002557544757033,0.8844221105527639,0.9166666666666666
mid_level-deep_level,fusion,4,4,42004040000,cv,5200,1300,0.9751199040767384,0.9333333333333332,0.9191919191919192,0.9479166666666666
mid_level-deep_level,topo_only,4,4,42004040000,cv,5200,1300,0.9198890887290168,0.8739946380697051,0.9005524861878453,0.8489583333333334
mid_level-deep_level,common_neighbors,4,4,42004040000,cv,5200,1300,0.8949340527577938,0.8406466512702079,0.7551867219917012,0.9479166666666666
mid_level-deep_level,degree_product,4,4,42004040000,cv,5200,1300,0.7902053357314149,0.8026905829596412,0.7047244094488189,0.9322916666666666
low_level-low_level,baseline,4,4,42004040000,cv,5200,1300,0.9176470588235294,0.875,0.9333333333333332,0.8235294117647058
low_level-low_level,fusion,4,4,42004040000,cv,5200,1300,0.9858823529411764,0.9696969696969696,1.0,0.9411764705882352
low_level-low_level,topo_only,4,4,42004040000,cv,5200,1300,0.983529411764706,0.8823529411764706,0.8823529411764706,0.8823529411764706
low_level-low_level,common_neighbors,4,4,42004040000,cv,5200,1300,0.928235294117647,0.8235294117647058,0.8235294117647058,0.8235294117647058
low_level-low_level,degree_product,4,4,42004040000,cv,5200,1300,0.7670588235294118,0.6857142857142857,0.6666666666666666,0.7058823529411765
deep_level-deep_level,baseline,4,4,42004040000,cv,5200,1300,0.961038961038961,0.9411764705882352,0.9696969696969696,0.9142857142857144
deep_level-deep_level,fusion,4,4,42004040000,cv,5200,1300,0.9844155844155844,0.9428571428571428,0.9428571428571428,0.9428571428571428
deep_level-deep_level,topo_only,4,4,42004040000,cv,5200,1300,0.9792207792207792,0.9428571428571428,0.9428571428571428,0.9428571428571428
deep_level-deep_level,common_neighbors,4,4,42004040000,cv,5200,1300,0.9688311688311688,0.9444444444444444,0.918918918918919,0.9714285714285714
deep_level-deep_level,degree_product,4,4,42004040000,cv,5200,1300,0.8545454545454545,0.9315068493150684,0.8947368421052632,0.9714285714285714
