category,model,metric,sd,estimate,ci_low,ci_high,se,n_folds,df,confidence,interval_kind,status
low_level-deep_level,baseline,auc,0.0133572589345018,0.9714637541307226,0.9566179169800202,0.986309591281425,0.0071931040733862,25,24,0.95,pointwise_approximate_corrected_cv,ok_approximate_cv
low_level-deep_level,baseline,f1,0.0238587353900171,0.9096108217437509,0.8830931880017717,0.9361284554857298,0.0128483222165054,25,24,0.95,pointwise_approximate_corrected_cv,ok_approximate_cv
low_level-deep_level,fusion,auc,0.0052313271568651,0.9918543318206492,0.9860400078314464,0.997668655809852,0.0028171558899757,25,24,0.95,pointwise_approximate_corrected_cv,ok_approximate_cv
low_level-deep_level,fusion,f1,0.0197582021446408,0.948621343730322,0.9266612205592172,0.9705814669014268,0.0106401174841569,25,24,0.95,pointwise_approximate_corrected_cv,ok_approximate_cv
low_level-deep_level,topo_only,auc,0.0161670715525222,0.9505273251209352,0.9325585403089148,0.9684961099329557,0.0087062344759068,25,24,0.95,pointwise_approximate_corrected_cv,ok_approximate_cv
low_level-deep_level,topo_only,f1,0.0321185477564228,0.8667351002379956,0.831037152639086,0.9024330478369053,0.0172963673034157,25,24,0.95,pointwise_approximate_corrected_cv,ok_approximate_cv
low_level-deep_level,common_neighbors,auc,0.022185832669781,0.8769862118129788,0.8523279147414481,0.9016445088845094,0.0119474365310279,25,24,0.95,pointwise_approximate_corrected_cv,ok_approximate_cv
low_level-deep_level,common_neighbors,f1,0.039072791139456,0.7660244894430426,0.7225972940039053,0.8094516848821799,0.0210413419760715,25,24,0.95,pointwise_approximate_corrected_cv,ok_approximate_cv
low_level-deep_level,degree_product,auc,0.0389652523606422,0.7252313644179297,0.681923692243669,0.7685390365921904,0.0209834305713645,25,24,0.95,pointwise_approximate_corrected_cv,ok_approximate_cv
low_level-deep_level,degree_product,f1,0.0531688809935247,0.6841713449206924,0.6250771435890038,0.7432655462523811,0.0286323186761052,25,24,0.95,pointwise_approximate_corrected_cv,ok_approximate_cv
low_level-mid_level,baseline,auc,0.0124621866678761,0.9580310018052052,0.944179986808778,0.9718820168016322,0.0067110929063787,25,24,0.95,pointwise_approximate_corrected_cv,ok_approximate_cv
low_level-mid_level,baseline,f1,0.0179929988831019,0.8656605200912542,0.8456623204171183,0.88565871976539,0.0096895264360091,25,24,0.95,pointwise_approximate_corrected_cv,ok_approximate_cv
low_level-mid_level,fusion,auc,0.0067024126740376,0.9884512574527796,0.9810019051894534,0.995900609716106,0.0036093596855119,25,24,0.95,pointwise_approximate_corrected_cv,ok_approximate_cv
low_level-mid_level,fusion,f1,0.0158834480119171,0.9402588130264872,0.9226052597239088,0.9579123663290656,0.0085534985249726,25,24,0.95,pointwise_approximate_corrected_cv,ok_approximate_cv
low_level-mid_level,topo_only,auc,0.0160572092776625,0.9366167565749076,0.9187700774620856,0.9544634356877296,0.0086470718302862,25,24,0.95,pointwise_approximate_corrected_cv,ok_approximate_cv
low_level-mid_level,topo_only,f1,0.0258471680399678,0.8149786329275329,0.7862509688603906,0.8437062969946753,0.0139191259692926,25,24,0.95,pointwise_approximate_corrected_cv,ok_approximate_cv
low_level-mid_level,common_neighbors,auc,0.0174867112046018,0.8715080986541759,0.8520726090737258,0.8909435882346259,0.0094168821771546,25,24,0.95,pointwise_approximate_corrected_cv,ok_approximate_cv
low_level-mid_level,common_neighbors,f1,0.0336869868046869,0.7355750283314865,0.6981338495198325,0.7730162071431405,0.0181409975799004,25,24,0.95,pointwise_approximate_corrected_cv,ok_approximate_cv
low_level-mid_level,degree_product,auc,0.0194464021748634,0.7516242517507219,0.7300106765950153,0.7732378269064285,0.0104722080617458,25,24,0.95,pointwise_approximate_corrected_cv,ok_approximate_cv
low_level-mid_level,degree_product,f1,0.0273584365224805,0.6221312256988102,0.591723872266328,0.6525385791312923,0.0147329689539085,25,24,0.95,pointwise_approximate_corrected_cv,ok_approximate_cv
mid_level-mid_level,baseline,auc,0.0089344744852151,0.9663968274102396,0.9564666648009036,0.9763269900195756,0.0048113617568021,25,24,0.95,pointwise_approximate_corrected_cv,ok_approximate_cv
mid_level-mid_level,baseline,f1,0.0149037494116416,0.9037073340023164,0.8871426602331648,0.920272007771468,0.0080259146825923,25,24,0.95,pointwise_approximate_corrected_cv,ok_approximate_cv
mid_level-mid_level,fusion,auc,0.0038252830845741,0.9880783991039386,0.9838268135048724,0.9923299847030048,0.0020599779844375,25,24,0.95,pointwise_approximate_corrected_cv,ok_approximate_cv
mid_level-mid_level,fusion,f1,0.0118828690049949,0.9506211692289718,0.9374140330196395,0.963828305438304,0.0063991207973488,25,24,0.95,pointwise_approximate_corrected_cv,ok_approximate_cv
mid_level-mid_level,topo_only,auc,0.0081018624830493,0.9403643283436668,0.9313595668405372,0.9493690898467966,0.004362986471596,25,24,0.95,pointwise_approximate_corrected_cv,ok_approximate_cv
mid_level-mid_level,topo_only,f1,0.0121514132378032,0.8595403811018563,0.846034773180058,0.8730459890236545,0.0065437362925166,25,24,0.95,pointwise_approximate_corrected_cv,ok_approximate_cv
mid_level-mid_level,common_neighbors,auc,0.0128674172448584,0.905856414218515,0.8915550083758923,0.9201578200611378,0.0069293162505727,25,24,0.95,pointwise_approximate_corrected_cv,ok_approximate_cv
mid_level-mid_level,common_neighbors,f1,0.0162572573438212,0.8210623487681297,0.8029933275545019,0.8391313699817574,0.0087548010108475,25,24,0.95,pointwise_approximate_corrected_cv,ok_approximate_cv
mid_level-mid_level,degree_product,auc,0.0196102614609729,0.8029846201352652,0.7811889246591289,0.8247803156114014,0.0105604489878337,25,24,0.95,pointwise_approximate_corrected_cv,ok_approximate_cv
mid_level-mid_level,degree_product,f1,0.0189572383239091,0.7431149706334541,0.7220450734064968,0.7641848678604114,0.0102087852662376,25,24,0.95,pointwise_approximate_corrected_cv,ok_approximate_cv
mid_level-deep_level,baseline,auc,0.0094026739250755,0.9650288604718996,0.954578320689949,0.9754794002538504,0.0050634948714277,25,24,0.95,pointwise_approximate_corrected_cv,ok_approximate_cv
mid_level-deep_level,baseline,f1,0.014598987439783,0.9252884798858252,0.909062531795806,0.941514427975844,0.0078617953380518,25,24,0.95,pointwise_approximate_corrected_cv,ok_approximate_cv
mid_level-deep_level,fusion,auc,0.0083072629793784,0.9855406333728506,0.976307580845782,0.9947736858999192,0.004473598024016,25,24,0.95,pointwise_approximate_corrected_cv,ok_approximate_cv
mid_level-deep_level,fusion,f1,0.012208880776082,0.9584504901059696,0.9448810102686144,0.9720199699433248,0.0065746835089858,25,24,0.95,pointwise_approximate_corrected_cv,ok_approximate_cv
mid_level-deep_level,topo_only,auc,0.0108165899273795,0.9465524383646782,0.9345304109880116,0.9585744657413448,0.0058249119410129,25,24,0.95,pointwise_approximate_corrected_cv,ok_approximate_cv
mid_level-deep_level,topo_only,f1,0.0156658092397266,0.8949010385356988,0.8774893784078699,0.9123126986635276,0.0084362964593058,25,24,0.95,pointwise_approximate_corrected_cv,ok_approximate_cv
mid_level-deep_level,common_neighbors,auc,0.0136078677554427,0.9028059886688528,0.8876816140006505,0.917930363337055,0.007328061053675,25,24,0.95,pointwise_approximate_corrected_cv,ok_approximate_cv
mid_level-deep_level,common_neighbors,f1,0.0142547793579281,0.8520046082690362,0.8361612279763647,0.8678479885617078,0.0076764336131782,25,24,0.95,pointwise_approximate_corrected_cv,ok_approximate_cv
mid_level-deep_level,degree_product,auc,0.0230846948962141,0.7934347979715717,0.7677774664199895,0.8190921295231539,0.0124314886538529,25,24,0.95,pointwise_approximate_corrected_cv,ok_approximate_cv
mid_level-deep_level,degree_product,f1,0.0145296465252697,0.8082472858685604,0.7920984062796308,0.8243961654574901,0.0078244541127986,25,24,0.95,pointwise_approximate_corrected_cv,ok_approximate_cv
low_level-low_level,baseline,auc,0.0282165506968627,0.9663640206466902,0.9350029218872622,0.9977251194061184,0.0151950775791471,25,24,0.95,pointwise_approximate_corrected_cv,ok_approximate_cv
low_level-low_level,baseline,f1,0.0539931197500263,0.8685919142380459,0.8085816181886968,0.9286022102873952,0.029076184830524,25,24,0.95,pointwise_approximate_corrected_cv,ok_approximate_cv
low_level-low_level,fusion,auc,0.0171738516669729,0.9886656197794156,0.9695778558640484,1.0077533836947827,0.009248402159993,25,24,0.95,pointwise_approximate_corrected_cv,ok_approximate_cv
low_level-low_level,fusion,f1,0.0317115755900004,0.9532493339391518,0.918003712864509,0.9884949550137946,0.0170772060846055,25,24,0.95,pointwise_approximate_corrected_cv,ok_approximate_cv
low_level-low_level,topo_only,auc,0.0242950147402186,0.9508132139895398,0.9238106804476044,0.9778157475314752,0.0130832658367839,25,24,0.95,pointwise_approximate_corrected_cv,ok_approximate_cv
low_level-low_level,topo_only,f1,0.0689981570480571,0.841561028743468,0.7648734831731573,0.9182485743137788,0.0371566447092336,25,24,0.95,pointwise_approximate_corrected_cv,ok_approximate_cv
low_level-low_level,common_neighbors,auc,0.0383585401940182,0.9163403216528712,0.8737069757058116,0.958973667599931,0.0206567060705881,25,24,0.95,pointwise_approximate_corrected_cv,ok_approximate_cv
low_level-low_level,common_neighbors,f1,0.0592523021803813,0.781714813284299,0.7158592336861513,0.8475703928824467,0.0319083412443488,25,24,0.95,pointwise_approximate_corrected_cv,ok_approximate_cv
low_level-low_level,degree_product,auc,0.0529200194462843,0.7801074432536015,0.7212898374436079,0.8389250490635951,0.0284983026315003,25,24,0.95,pointwise_approximate_corrected_cv,ok_approximate_cv
low_level-low_level,degree_product,f1,0.0616586217645081,0.6583178629220445,0.5897877953279939,0.7268479305160952,0.0332041839982647,25,24,0.95,pointwise_approximate_corrected_cv,ok_approximate_cv
deep_level-deep_level,baseline,auc,0.0260955773300807,0.9642991492498016,0.9352953923191591,0.993302906180444,0.0140528984659807,25,24,0.95,pointwise_approximate_corrected_cv,ok_approximate_cv
deep_level-deep_level,baseline,f1,0.0267696552094278,0.9441135192960084,0.9143605629620492,0.9738664756299678,0.0144159005132935,25,24,0.95,pointwise_approximate_corrected_cv,ok_approximate_cv
deep_level-deep_level,fusion,auc,0.0203108718647085,0.9848987269470816,0.962324342668778,1.0074731112253852,0.0109377392368046,25,24,0.95,pointwise_approximate_corrected_cv,ok_approximate_cv
deep_level-deep_level,fusion,f1,0.0217073250028429,0.9718882123269786,0.9477617494389102,0.996014675215047,0.011689752266234,25,24,0.95,pointwise_approximate_corrected_cv,ok_approximate_cv
deep_level-deep_level,topo_only,auc,0.0327767823137566,0.9447143154335232,0.9082847773868232,0.9811438534802231,0.0176508374607151,25,24,0.95,pointwise_approximate_corrected_cv,ok_approximate_cv
deep_level-deep_level,topo_only,f1,0.0253105731317094,0.9287006115817475,0.9005693423784739,0.9568318807850212,0.0136301607677285,25,24,0.95,pointwise_approximate_corrected_cv,ok_approximate_cv
deep_level-deep_level,common_neighbors,auc,0.0317646054706978,0.947216827112553,0.9119122663275387,0.9825213878975672,0.0171057635493314,25,24,0.95,pointwise_approximate_corrected_cv,ok_approximate_cv
deep_level-deep_level,common_neighbors,f1,0.0345300537727325,0.9354788460358456,0.8971006460152658,0.9738570460564252,0.0185950030365381,25,24,0.95,pointwise_approximate_corrected_cv,ok_approximate_cv
deep_level-deep_level,degree_product,auc,0.0735453994859155,0.8474268257658987,0.765685277645496,0.9291683738863014,0.03960540970382,25,24,0.95,pointwise_approximate_corrected_cv,ok_approximate_cv
deep_level-deep_level,degree_product,f1,0.0308691251069673,0.9092063169602826,0.8748970319063735,0.9435156020141918,0.0166235326153072,25,24,0.95,pointwise_approximate_corrected_cv,ok_approximate_cv
